word,count
姓,51
多言,26
欺骗,17
说话,14
责备,10
解释,9
文体,9
规劝,9
指责,8
方言,8
大声,7
引诱,7
毁谤,7
谈论,7
评议,7
声音,7
欺诈,7
告诫,6
争辩,6
歌唱,6
直言,6
戏谑,5
过失,5
揭发,5
询问,5
妄言,5
记载,5
言论,5
谋划,5
官吏,5
谴责,5
谨慎,5
教导,5
喧哗,5
谄媚,5
事物,5
嘲弄,5
言部,5
呵斥,4
应答,4
不止,4
语声,4
赞美,4
大言,4
狡猾,4
坏话,4
怒言,4
告知,4
主张,4
语言,4
文章,4
乐器,4
地名,4
诉讼,4
文字,4
计算,4
阴私,4
诽谤,4
上级,4
开玩笑,4
评论,4
说大话,4
恭敬,4
佛教,4
背诵,4
辅佐,4
和谐,4
奉承,4
理解,4
