word,count
貌,92
姓,55
忧愁,44
恐惧,32
喜悦,20
怨恨,20
忧伤,16
悲伤,15
畏惧,14
恭敬,14
不安,13
失意,13
方言,12
惭愧,11
害怕,11
心动,10
谨慎,10
思念,10
忧虑,10
恭谨,8
烦闷,8
哀怜,7
佛教,7
憎恶,7
愤怒,7
悲痛,6
惊恐,6
感情,6
胆怯,6
心情,6
忧惧,6
忧貌,5
依赖,5
忘记,5
忧思,5
固执,5
乖戾,5
愚蠢,5
聪慧,5
性情,5
休息,5
思考,5
声音,5
羞惭,5
不明,5
恐吓,5
快乐,5
惧怕,5
心惑,5
懈怠,5
愚笨,4
聪明,4
欺骗,4
放纵,4
思虑,4
懒惰,4
清楚,4
忐忑,4
高兴,4
诚信,4
心急,4
怠慢,4
父母,4
疾病,4
勇敢,4
性急,4
谋划,4
诚实,4
吝惜,4
