word,count
姓,327
貌,214
方言,129
人,124
声,93
声音,53
忧愁,49
恐惧,42
地名,39
多言,39
说话,33
大声,30
喜悦,28
少数民族,27
欺骗,24
佛教,24
怨恨,24
小儿,22
不安,20
恭敬,19
悲伤,19
美好,17
乐器,17
笑貌,17
呕吐,16
忧伤,16
古国,15
事物,15
传说,15
叹息,15
畏惧,15
谨慎,15
失意,14
食物,14
惭愧,14
责备,14
害怕,14
欺诈,13
佛经,12
文体,12
轻薄,12
古时,12
不止,12
喧哗,12
用语,12
歌唱,12
术语,11
乐曲,11
旧称,11
恭谨,11
鸟声,11
气逆,11
思念,11
懈怠,10
凭借,10
中医,10
祭祀,10
戏谑,10
官吏,10
和谐,10
呵斥,10
语声,10
鸣叫,10
愤怒,10
心动,10
忧虑,10
省称,9
古县,9
放纵,9
惊恐,9
急促,9
文字,9
悲痛,9
不明,9
鸟鸣,9
笑声,9
呻吟,9
询问,9
憎恶,9
争辩,9
谋划,9
解释,9
规劝,9
长貌,8
辅助,8
名称,8
死者,8
公文,8
傲慢,8
聪慧,8
痴呆,8
过失,8
帮助,8
辅佐,8
毁谤,8
愚蠢,8
教导,8
满足,8
记载,8
阻塞,8
大笑,8
吹气,8
呼喊,8
真言,8
应答,8
喘息,8
吵闹,8
嘴唇,8
感情,8
咳嗽,8
引诱,8
忘记,8
哀怜,8
烦闷,8
惧怕,8
指责,8
无实义,7
固执,7
使用,7
身体,7
人为,7
敬辞,7
部分,7
水名,7
春秋,7
发出,7
命令,7
官名,7
音译,7
依赖,7
违背,7
弯曲,7
休息,7
停止,7
梵文,7
乖戾,7
告诫,7
地方,7
思想,7
羞惭,7
考虑,7
杂乱,7
怒声,7
小声,7
怒貌,7
咀嚼,7
咒语,7
LINK,7
父母,7
疾病,7
众声,7
语言,7
快乐,7
聪明,7
贪欲,7
直言,7
谈论,7
评议,7
轻佻,6
愚笨,6
心服,6
感觉,6
孤独,6
配偶,6
依照,6
担任,6
依靠,6
一般,6
意思,6
相信,6
编制,6
物体,6
居住,6
星名,6
称呼,6
众多,6
谄媚,6
行走,6
之间,6
方向,6
夸大,6
诚恳,6
疾速,6
对方,6
国名,6
诚实,6
警戒,6
变化,6
痴貌,6
喜乐,6
用力,6
梵语,6
奇异,6
不平,6
古称,6
比喻,6
诋毁,6
忧思,6
不知,6
呼吸,6
协调,6
叫声,6
鸟叫声,6
有机,6
化合物,6
动物,6
饮食,6
发声,6
六字,6
揭发,6
喧闹,6
不能,6
忧貌,6
赞美,6
清楚,6
高兴,6
迷惑,6
胆怯,6
心情,6
忧惧,6
谴责,6
虚伪,5
厉害,5
漂亮,5
事理,5
怜悯,5
倾斜,5
内心,5
泛指,5
同伴,5
同类,5
介绍,5
仗恃,5
寄托,5
军队,5
鸟名,5
认为,5
以为,5
从事,5
上级,5
第二,5
计算,5
仿效,5
效法,5
相当于,5
得到,5
夸耀,5
欢乐,5
戏弄,5
迟钝,5
给予,5
等待,5
一个,5
停留,5
别称,5
发生,5
大貌,5
轻视,5
一起,5
庄重,5
行貌,5
无知,5
敏捷,5
时间,5
机灵,5
诉讼,5
歌谣,5
知晓,5
背诵,5
出来,5
侦察,5
高大,5
谦辞,5
姿态,5
具备,5
聚集,5
烦恼,5
不足,5
开玩笑,5
充足,5
众口,5
恶言,5
吞咽,5
口动貌,5
应声,5
吐气,5
斥责,5
适合,5
礼仪,5
吝啬,5
吝惜,5
体裁,5
出声,5
不通,5
六十四,5
古人,5
吹奏,5
嗟叹,5
请求,5
诽谤,5
辨别,5
意义,5
叫喊,5
拒绝,5
罪过,5
谗言,5
口中,5
哭泣,5
评论,5
形容,5
奉承,5
爱好,5
容易,5
狡猾,5
唾声,5
類篇,5
義未詳,5
谬误,5
虚妄,5
性情,5
诚信,5
思考,5
恐吓,5
没有,5
理解,5
觉悟,5
悦服,5
心惑,5
妄言,5
言论,5
嘲弄,5
言部,5
比拟,4
话语,4
独立,4
疲倦,4
工具,4
行为,4
男女,4
狭窄,4
旁边,4
人员,4
坚固,4
牲畜,4
学习,4
托付,4
不同,4
脉象,4
敬称,4
听从,4
可以,4
北方,4
兄弟,4
匹敌,4
役使,4
承受,4
职位,4
怀孕,4
强悍,4
州名,4
军事,4
除去,4
败坏,4
凶狠,4
物品,4
标准,4
官员,4
保护,4
遗忘,4
佛教徒,4
活动,4
制作,4
当作,4
事情,4
环绕,4
假装,4
顺从,4
招致,4
估计,4
结构,4
方法,4
劝勉,4
过分,4
疲惫,4
次序,4
尊称,4
超越,4
临近,4
覆盖,4
擅长,4
之称,4
习惯,4
感动,4
掌管,4
应验,4
消息,4
杂戏,4
滑稽,4
重视,4
散发,4
呼声,4
谷物,4
移动,4
侥幸,4
宠爱,4
属于,4
符合,4
宽容,4
狡黠,4
完备,4
融洽,4
怠惰,4
虚假,4
器物,4
仆役,4
骄傲,4
继承,4
用以,4
邪恶,4
细碎,4
典范,4
礼节,4
接引,4
之貌,4
接受,4
鸣声,4
叱声,4
呵叱,4
相应,4
器官,4
考核,4
不可,4
责骂,4
书籍,4
文辞,4
右手,4
容量,4
嘴里,4
悔恨,4
吟咏,4
吟诵,4
诗歌,4
生气,4
喉咙,4
品尝,4
呼气,4
代称,4
伴奏,4
进食,4
讥笑,4
商议,4
鸟嘴,4
小语,4
口腔,4
妄语,4
哀痛,4
舒畅,4
啰唆,4
吮吸,4
戏言,4
责问,4
引起,4
唠叨,4
应诺,4
言急,4
病症,4
咽喉,4
缺少,4
哀伤,4
厌恶,4
使人,4
凶恶,4
诱导,4
自得,4
恶心,4
烦乱,4
思虑,4
懒惰,4
安详,4
愿意,4
忐忑,4
差错,4
忠诚,4
心急,4
怠慢,4
不满,4
安宁,4
中医学,4
后悔,4
知道,4
勇敢,4
性急,4
糊涂,4
诙谐,4
罪恶,4
料想,4
意见,4
诚意,4
出气,4
处所,4
含笑,4
呵气,4
有所,4
以示,4
颂扬,4
歌颂,4
大言,4
坏话,4
怒言,4
告知,4
主张,4
文章,4
阴私,4
说大话,4
