汉字,笔画,反切,拼音,释义总个数
㕣,5,以轉切,yǎn,2
㕦,6,胡化切,uà,4
㕧,6,虚器切,xī,2
㕩,7,匹絳切,pàng,1
㕪,7,都感切,ǎn,2
㕫,7,撫養切,fǎng fēng,2
㕬,7,職容切 似用切,gōng sòng,2
㕭,7,於交切,āo ào,2
㕮,7,方矩切,fǔ,1
㕰,7,許角切,xuè ma,1
㕱,7,胡求切,yóu,1
㕲,7,下刮反 以麥反,huá yé,2
㕶,7,,ňg ň,1
㕸,8,力入切,lì,1
㖀,9,勒没切,lè,1
㖂,9,餘制切,ì,1
㖃,9,呼后切 呼漏切 胡口切,hòu hòu hòu,2
㖅,9,辛聿切,xù,1
㖆,9,區玉切,ū,2
㖏,10,乃結切,iè,2
㖐,10,羊委切,wěi,1
㖑,10,許介切,iè,1
㖔,10,通懇切,tǔn,1
㖕,10,,niè xīn,1
㖟,11,承呪切,hòu,1
㖡,11,音夜,yè,1
㖤,11,胡南切,hán,1
㖥,11,渠殞切,ùn,2
㖦,11,覩動切,dǒng,1
㖧,11,呼昆切 武粉切,hūn wěn,1
㖨,11,盧谷切,ù,2
㖩,11,子于切 蘇后切,jū sǒu,1
㖪,11,呼麥切 古獲切 忽域切,huò guó xù,5
㖫,11,音陵,líng,1
㖮,11,,l鷑,1
㖵,11,,g?,1
㖶,12,因蓮切 於閑切 伊真切,yān yān yè yīn,2
㖷,12,是支切 田黎切,shí tí,1
㖸,12,極虐切,jué niā,1
㖺,12,尺尹切,chǔn,1
㖻,12,尼猷切 如又切,niú ròu,2
㖿,12,徐嗟切,xié yé,2
㗀,12,音幽,ōu,1
㗂,12,所景切,shěng,1
㗄,12,莫干反,mán kū,1
㗅,12,洪孤切,ú,1
㗆,12,各核切,é,2
㗇,12,何加切 音釋,xiá ya,3
㗉,12,離灼切 逆各切,lüè è,1
㗊,12,阻立切,jí léi,3
㗏,12,,wāi,1
㗒,13,,ài éi）,2
㗓,13,丁龜切,zhuī,2
㗔,13,去乾切,qiān,1
㗕,13,居候切 古侯切,gòu gōu,2
㗗,13,甫委切,bēi,2
㗙,13,䆫俞切 女洽切,chū nà zhōu,2
㗚,13,力質切,lì,1
㗢,14,户冬切 徒弄切 乎宋切,hóng dòng hòng,4
㗤,14,子六切,ù,2
㗥,14,苦郭切 光鑊切,kuò guō,2
㗦,14,魯刀切,láo,1
㗧,14,陟栗切 丁結切,zhì dié,2
㗨,14,火佳切 倚蟹切,xiē ǎi,2
㗩,14,先立切,xī,1
㗫,14,千結切,qiè,1
㗬,14,敕加切,zhā,2
㗭,14,音悉,xī,1
㗰,14,,c髇g,1
㗱,15,子入切,jí,2
㗲,15,胡麥切,huò,1
㗳,15,音塔,tǎ dā,3
㗴,15,五閑切,án,2
㗵,15,許勿切,ù,2
㗶,15,普活切,pō,1
㗻,16,古禾切,uō,2
㗼,16,魚怯切,yè,1
㗽,16,許兩切,xiǎng,1
㗾,16,許𦚢切,xuē,1
㗿,16,虚我切 呼訝切 虚加切,hé xià xiā,1
㘀,16,則落切,uò,2
㘁,16,羊益切 音義,yì háo,1
㘂,16,牆之切,cí,1
㘄,16,,lēng,1
㘆,17,他亥切,tǎi,1
㘇,17,于兄切,róng,1
㘈,17,魚力切 魚記切 偶起切,yì yì nǐ,3
㘉,18,阻瑟切,zhì,1
㘊,18,迄及切 域及切,xī yì,1
㘋,18,胡田切,ián,1
㘍,18,資悉切,jí,1
㘐,19,披教切,pào,1
㘑,19,郎計切,lì,1
㘔,20,音釋,ǎi,3
㘖,21,牛姦切,yán,1
㘗,21,,qū,1
㘙,23,五銜切,yán,1
㘚,23,,hǎn,2
㘛,25,口銜反,ān,1
口,3,苦后切,kǒu,17
古,5,公户切 古慕切 溪姑切,gǔ gù kū,10
句,5,古侯切 古候切 九遇切 其俱切,gōu gòu jù qú,17
另,5,音集,ìng,4
叨,5,土刀切,tāo dāo,5
叩,5,,None,5
只,5,諸氏切 章移切,zhǐ zhǐ zhī,7
叫,5,古弔切,jiào,10
召,5,直照切 寔照切,zhào shào,7
叭,5,普八切,pā bā ba,5
叮,5,當經切,īng,4
可,5,枯我切 居何切 苦格切,kě gē kè,15
台,5,與之切 土來切 堂來切 祥吏切,tái tái tái tāi sì,16
叱,5,昌栗切,chì,4
史,5,疎士切,shǐ,7
右,5,云久切,yòu yòu yòu,28
叴,5,巨鳩切,qiú,1
叵,5,普火切,pǒ,2
叶,5,胡頰切,xié yè,1
号,5,乎刀切 胡到切 虚嬌切,háo hào xiāo,1
司,5,息茲切,sī cí sì,9
叹,5,音以,yǐ yòu tàn,1
叻,5,,lè lì,2
叼,5,,diāo,1
叿,6,呼東切 胡公切,hōng hóng,1
吁,6,况于切 王遇切,xū yù yū,7
吂,6,莫郎切 莫浪切,máng màng,2
吃,6,居乞切 欺訖切,chī qī,10
各,6,古落切,gè gě,5
吆,6,伊堯切,āo,2
吇,6,祖似切 資悉反,zǐ jí,1
合,6,侯閤切 古沓切,hé gě,32
吉,6,其吉切 極乙切,jí jí jí jí,15
吋,6,田丑切,dòu cùn（又读yīngcùn）,2
同,6,徒紅切,tóng tòng,18
名,6,武并切 忙經切 彌正切,míng míng mìng,16
后,6,胡口切,hòu,7
吏,6,力置切,lì,3
吐,6,他魯切 湯故切,tǔ tù,7
向,6,式亮切,xiàng xiàng xiàng,38
吒,6,陟駕切,zhà zhā,1
吓,6,,hà xià（又读hè）,4
吔,6,音。,yě yē,3
吕,6,力舉切,lǚ,7
吖,6,,yā ā,3
吘,7,五苟切,ǒu,1
吙,7,呼𦚢切,uō,3
吚,7,許伊反 於夷切,xī yī,1
君,7,舉云切,jūn,6
吜,7,敕九切,chǒu,1
吝,7,良刃切,lìn,5
吞,7,吐根切 他前切,tūn tiān,5
吟,7,魚金切 牛錦切 拒蔭反,yín yǐn jìn,8
吠,7,符廢切,fèi,2
吡,7,毗必切 匹婢切,bì bǐ,1
吢,7,七鴆切,qìn,1
吣,7,七鴆切,ìn,1
吤,7,居拜切 居賀切 胡戒反,jiè gè xiè,2
吥,7,普溝切,pōu bù,2
否,7,方久切 並鄙切,fǒu pǐ,5
吧,7,伯加切 普巴切,bā ba pā,5
吨,7,徒渾切 他衮切,tún tǔn dūn,3
吩,7,普悶切,pèn fēn,1
吪,7,五禾切 呼瓜切,é huā,4
含,7,胡男切 胡紺切,hán hàn,8
听,7,宜引切 魚其切 魚衣切,yí yí yí tīng,5
吭,7,胡郎切 胡朗切,háng hàng kēng,4
吮,7,食尹切,shǔn,1
启,7,康禮切,qǐ,2
吰,7,户萌切,óng,1
吱,7,章移切 去智切,zhī zī qì,4
吲,7,矢忍切,shěn yǐn,1
吴,7,五乎切 元俱切 吐根切,wú yú tūn,7
吵,7,亡沼切 初爪切 初交切 楚教切,miǎo chǎo chāo chào,5
吷,7,許劣切 呼決切 姝悦切 古穴切,xuè xuè chuò jué,3
吸,6,許及切,xī,5
吹,7,昌垂切 尺偽切,chuī chuì,14
吺,7,當侯切 汝朱切,dōu rú,3
吻,7,武粉切,wěn,2
吼,7,呼后切,ǒu,5
吽,7,魚侯切 曉東切 呼厚切,óu hōng hǒu,2
吾,7,五乎切 牛居切 五加切,wú yú yá,6
呀,7,許加切 五加切,xiā yā ya,7
呁,7,九峻切,ùn,2
呃,7,烏界切,ài è e,4
呄,7,古得切,gé,1
呅,7,莫杯切 武粉切,méi wěn,1
呆,7,補抱切,bǎo dāi,3
呈,7,直貞切 直正切 丑郢切 渠王切,chéng chéng chěng kuáng,6
告,7,古到切 居六切,gào jū gù,9
呎,7,,chǐ（又读yīngchǐ）,1
呏,7,,shēng,1
呐,7,奴骨切 女劣切,nè nà na nuò,3
呔,7,,dāi tǎi,2
呟,8,古泫切,juǎn,1
呠,8,普本切,pěn,1
呢,8,女夷切 乃倚切,ní nǐ nī ne,6
呣,8,亡侯切,móu ḿ,3
呤,8,郎丁切,líng lìng,2
呥,8,汝鹽切,án,1
呦,8,於虯切,yōu,3
周,8,職流切,zhōu,20
呪,8,職救切,hòu,4
呫,8,他協切 尺涉切,tiè chè,2
呬,8,虚器切 丑利切,xì chì,1
呭,8,餘制切,yì,2
呮,8,去致反,qì zhī,1
呯,8,蒲兵切,píng,1
呰,9,將此切 才支切 資昔切 思計切,zǐ cī jī xì,3
呱,8,古胡切,gū guā guǎ,3
呲,9,才支切 牆之切,cí cí zī cī,4
味,8,無沸切 莫佩切,wèi mèi,10
呴,8,火羽切 呼后切 呼侯切 居候切 俱侯切 居六切,xǔ hǒu hōu gòu gōu jū,4
呵,8,虎何切 呼箇切,hē hē hā ā a kē huō,7
呶,8,女交切 女加切,náo ná nǔ,3
呷,8,呼甲切,xiā gā jiǎ,3
呸,8,鋪杯切,pēi,1
呹,8,弋質切 勑栗切,yì chì,3
呺,8,許嬌切 胡刀切,xiāo háo,1
呻,8,失人切,shēn,2
呼,8,荒烏切 虚交切 音虚 許箇切 虚訝切,hū xiāo xū hè xià,8
命,8,眉病切,mìng,17
呾,8,當割切 乙鎋切 𥊲軋切,dá yà tǎ dàn,4
呿,8,丘倨切,qù kā,3
咀,8,子與切,jǔ jǔ jǔ,6
咁,8,乎甘切 乎監切,hán xián gàn,2
咂,8,子荅反,ā,3
咃,8,吐多切,tuō,1
咄,8,當没切,duō,2
咅,8,他候切,tòu,1
咆,8,薄交切,páo,1
咇,8,蒲結切 毗必切 鄙密切,bì bì bì,5
咈,8,符弗切,fú,2
咉,8,烏郎切 烏朗切,yāng yǎng,2
咋,8,側革切 鋤陌切 側駕切,zé zé zhà zǎ zhā,6
和,8,胡卧切 户戈切,hè hé huò huó huo hú,35
咍,8,呼來切 湯來切,hāi tāi,5
咎,8,其九切 古勞切,jiù gāo,5
咐,8,奉蒲切,fú fù,2
咓,7,五寡切,wǎ,1
咔,8,音弄,nòng kā kǎ,2
咕,8,,gū gu,3
咖,8,音。,jiā gā kā,3
咗,8,,uǒ,2
咘,8,音布,bù,1
咚,8,,dōng,1
咠,9,七入切,qì,2
咡,9,仍吏切 人之切,èr ér,2
咢,9,五各切,è,5
咣,9,古横切,gōng guāng,2
咤,9,陟駕切,hà,4
咥,9,丑栗切 虚其切 徒結切 丁結切 陟利切,dié dié dié dié zhì,5
咦,9,延知切 喜夷切,yí xī,3
咧,9,力蘖切,liè liē liě lie,4
咨,9,即夷切,zī,5
咩,9,,iē（旧读mǐ）,3
咪,9,,miē（旧读mǐ） mī mǎi mǐ,3
咫,9,諸氏切,zhǐ,4
咬,9,五巧切 古肴切 於交切 吉巧切,yǎo jiāo yāo jiǎo,11
咭,9,許吉切 恪八切,xī qià jī,3
咮,9,陟救切 中句切 章俱切 汝朱切,zhòu zhù zhū rú,5
咯,9,歷各切 剛鶴切 音卡,luò gē kǎ kā lo,4
咰,9,所律切 須倫切,shuài xún,1
咱,9,子葛切 莊加切,zá zán zǎ zan,7
咳,9,户來切 柯開切,hái hāi ké（旧读kài） gāi,5
咴,9,呼回切 何來反,huī hái,2
咵,9,苦瓦切,uǎ,3
咶,9,火怪切 善指切 胡化切,huài shì guō guā huà,2
咷,9,徒刀切 他弔切,táo tiào,3
咸,9,胡讒切 古斬切 居咸切,xián jiǎn jiān,8
咹,9,烏葛切 於旰切,è àn ān ǎn,5
咺,9,況晚切 許元切,xuǎn xuān,3
咻,9,况羽切 許尤切 虚交切 吁句切,xǔ xiū xiāo xù,5
咼,8,苦緺切 古馬反 古禾切,wāi hé wǒ wō guǎ guō,3
咽,9,烏前切 於甸切 烏結切 縈玄切,yān yàn yè yuān,6
咾,9,魯晧切,ǎo,2
咿,9,於脂切,ī,2
哀,9,烏開切,āi,7
品,9,丕飲切,pǐn,14
哂,9,式忍切,shěn,1
哃,9,徒紅切,tóng,1
哄,9,胡貢切 呼公切,hòng hōng hǒng,6
哆,9,尺氏切 陟駕切 昌志切 丁佐切 丁寫切,chǐ zhà chì duò diě duō,8
哇,9,烏瓜切 涓畦切 獲媧切,wā guī huá wá wa,9
哈,9,五合切 呼合切 曷閣切 呼馬切 託合切 色洽切,hā hē hé hǎ tà shà hà,10
哉,9,祖才切,zāi,4
哊,9,于六切,òu,2
哋,9,地夜切,diè dì,2
哌,9,音孤,gū pài,1
哎,8,,i,2
哏,9,,hěn ǹ gén,3
哐,9,,kuāng qiāng,2
哚,9,,duǒ,1
哞,9,,mōu,1
哠,10,後到切,hào,1
員,10,王權切 王分切 王問切,yuán yún yùn,14
哢,10,盧貢切,lòng,1
哤,10,莫江切,máng,1
哥,10,古俄切,gē,6
哦,10,五何切,é ó ǒ ò,4
哧,10,施隻切,xià（又读hè） chī,1
哨,10,七肖切 蘇遭切 相邀切,shào sāo xiāo xiào,13
哩,10,力忌切,lì lī li lǐ（又读yīnglǐ） mǎi,6
哪,9,囊何切 乃箇切 乃結切,nuó na nǎ nǎi（又读něi） nà niè né,8
哫,10,即玉切,ú,3
哬,10,寒歌切,hé,1
哭,10,空谷切,kū,4
哮,10,許交切 呼教切 黑角切,xiào xiào xuē,4
哯,10,胡典切,xiàn,1
哰,10,魯刀切,láo,1
哱,10,普没切 補妹切 音勃,pò bèi《集韻》補妹切，去隊幫。 bā bó bō,4
哲,10,陟列切,zhé,4
哳,10,陟鎋切,zhā,1
哴,10,力讓切 魯當切,liàng láng,2
哵,10,博拔切,ā,2
哷,10,力輟切 劣戍切,liè lǜ,1
哹,10,縛謀切,ú,3
哺,10,薄故切 奔模切 匪父切,bǔ bū fǔ,4
哼,10,虚庚切,hēng hng,6
哽,10,古杏切 於杏切,gěng yǐng yìng ǹg（又读ń）,6
哾,10,山劣切 音悦,shuō yuè,2
哿,10,古我切,gě,1
唀,10,音誘,yòu,1
唁,10,魚變切,yàn,1
唂,10,古禄切,gǔ,1
唄,10,薄邁切,bài bei,3
唅,10,火含切 胡紺切,hán hán án,5
唆,10,蘇禾切 數化切,suō shuà,3
唇,10,職鄰切 之刃切 船倫切,zhēn zhèn chún,3
唈,10,於汲切,ì,2
唉,10,烏開切 於駭切,āi ǎi ài,4
唊,10,古協切 謙琰切,jiá qiǎn,4
唋,10,通都切,tū,1
唌,9,徒干切 夷然切 蕩旱切,xián yán dàn,2
唍,10,户版切,wǎn,1
唎,10,力至切,ì,2
唏,10,虚豈切 許既切 許介切,xī xī xiè,5
唐,10,徒郎切,táng,11
唑,10,時制反,shì zuò,1
唒,10,才尤切,qiú,1
唓,10,音車,hē,2
唔,10,,wù wú ńg（又读ń） ḿ,3
唕,10,,z鄌,1
唗,10,,dōu,1
唚,10,,qīn qìn,1
唣,10,,None,2
唤,10,火貫切,huàn,3
唦,10,音沙,hā,3
唧,10,資悉切 側瑟切,jī jié,3
唩,11,烏禾切 鄔毁切,wō wěi,2
唪,11,蒲蠓切 扶隴切,běng fěng,5
唫,11,渠飲切 魚金切,jìn yín,3
唬,11,呼訝切 古伯切 呼刀切,xiāo guó xià hǔ háo,4
唭,11,去吏切,qì,1
售,11,承呪切 神六切,shòu shú,3
唯,11,以水切 以追切,wěi wéi,4
唰,11,所劣切 數滑切,shuā shuā huā,5
唱,11,尺亮切,chàng,8
唲,11,汝移切 乙佳切,ér wā,2
唳,11,郎計切,lì,1
唴,10,丘亮切,qiàng,2
唵,11,烏感切,ǎn ān,5
唶,11,側伯切 子夜切,zé jiè,3
唷,11,余六切,yù yō,3
唸,11,都甸切,diàn niàn,2
唹,11,央居切,yū,1
唺,11,他典切,tiǎn,1
唻,11,洛代切,lài lai（又读lái）,2
唼,11,色甲切 七接切 音𠯗,shà qiè zā,2
唽,11,先的切,xī,1
唾,11,湯卧切,tuò,3
啀,11,五佳切,i,2
啁,11,陟交切 都勞切 張流切,zhāo dāo zhōu tiáo（旧读diào）,5
啃,11,,ěn,3
啄,11,竹角切 職救切,zhuó zhòu,4
啅,11,竹角切 陟教切,zhuó zhào,2
商,11,式羊切,shāng,14
啇,11,都歷切 施隻切,dì shì zhāi,2
啈,11,亨孟切 牙葛切 才達切,hèng hēng è zá,3
啉,11,盧含切,lán lìn lín,4
啊,10,安賀切,è ā á ǎ à a,6
啋,11,音綵 倉來切 許饒反,cǎi cāi xiāo,4
啌,11,許江切 枯江切,xiāng qiāng,2
啍,11,徒渾切 朱倫切 虚良切 通回切 覩猥切,tūn zhūn xiāng tuī duǐ,6
啎,11,五故切,wǔ,2
問,11,亡運切,wèn,13
啐,11,七内切 子聿切 才達切 音集,cuì zú zá è,7
啑,11,所甲切 作答切 即涉切 都計切,shà zā jié dié tì,2
啒,11,古忽切,gǔ,1
啓,11,康禮切,qǐ,16
啖,11,徒敢切,dàn,4
啗,11,徒敢切,dàn,1
啘,11,於劣切,yè wā,2
啙,12,將此切 才支切,zǐ cī,1
啚,11,方美切 同都切,bǐ tú,2
啛,11,取内切,uì,1
啜,11,昌悦切 陟劣切,chuò zhuó chuài,6
啝,11,音和,é,2
啞,11,烏格切 衣嫁切 烏下切,è yā yǎ,10
啡,11,匹愷切 蒲皆切,pèi pái fēi,3
啢,11,,liǎng（又读yīngliǎng）,2
啤,11,音卑,bēi pí,2
啥,11,,shá（又读shà）,1
啦,11,,la lā,1
啨,11,於丁切 慈盈切,yīng qíng,2
啪,11,,pā,1
啳,11,音權,quán jué,2
啵,11,,bō bo,2
啶,11,,d靚g,1
啷,11,,āng,2
啻,12,施智切 丁計切,chì dì,5
啼,12,杜奚切,í,2
啽,12,吾含切 烏含切,án ān,2
啾,12,即由切,jiū,2
啿,12,徒感切,àn,2
喀,12,苦格切,kā kè ke,5
喁,12,魚容切 元俱切,yóng yú,2
喂,12,於韋切,èi,2
喃,12,女咸切 乃感切,nán nǎn,3
善,12,盧黨切,lǎng,17
喅,12,余六切,yù,1
喇,12,郎達切,lǎ lá lā la,5
喈,12,古諧切 許介切,jiē xiè,3
喉,12,户鉤切,hóu,1
喊,12,呼覽切 苦濫切 居咸切,hǎn kàn jiān,5
喋,12,徒協切 丁愜切 丈甲切 去涉切,dié dié zhá shà qiè,4
喌,12,職流切,zhōu,1
喍,13,鉏佳切,chái,1
喎,11,苦緺切,wāi,3
喏,11,爾者切,rě nuò,2
喑,12,於金切 於錦切 於禁切,yīn yǐn yìn,7
喒,12,子感切 祖含切,zǎn zán zà zan,2
喓,12,於霄切,yāo,1
喔,12,於角切 烏谷切,wō wū ò o,4
喕,12,彌演切,miǎn,1
喖,12,洪孤切,hú,1
喗,12,魚吻切,yǔn,1
喘,12,昌兖切,chuǎn,3
喙,12,許穢切 丁候切,huì zhòu,7
喛,12,火貫切 于元切 火遠切 胡戈切,huàn yuán xuǎn hé,6
喜,12,虚里切 許記切 虚其切 昌志切,xǐ xǐ xī chì,8
喝,12,於犗切 許葛切 丘蓋切,yè hè hē kài,7
喟,12,丘愧切 呼怪切,kuì huài,1
喠,12,之隴切 充隴切,zhǒng chǒng,3
喡,12,于非切 于貴切,wéi wèi,3
喢,12,山輒切 山洽切 叱涉切,shà shà chè,4
喣,12,況羽切,ǔ,1
喤,12,户盲切,huáng,4
喥,12,徒落切 陟嫁切,duó zhà,1
喦,12,五咸切 而涉切,yán niè,2
喧,12,況袁切 况遠切,xuān xuǎn,4
喨,12,力讓切,iàng,1
喪,12,蘇浪切 息郎切,sàng sāng,9
喫,12,苦擊切 口賣切,chī kài,7
喬,12,巨嬌切 舉夭切,qiáo jiǎo,6
喭,12,魚變切 語限切,yàn yǎn,2
單,12,都寒切 黨旱切 市連切 常演切 齒善切 徒案切 之膳切 唐干切,dān dǎn chán shàn chǎn dàn zhàn tán,16
喯,11,普悶反,pèn bēn,2
喰,12,音餐 音孫 七移反,cān sūn qī,1
喱,12,,l?,1
喲,12,,yō yo,3
喳,12,,zhā chā,4
喴,12,,ēi,2
喵,11,,miāo,1
喹,12,,ku?,1
喻,12,羊戍切 容朱切,yù yú,6
嗀,13,呼木切,hù,2
嗂,13,餘昭切,yáo,1
嗃,13,呵各切 許交切 呼教切 火酷切,hè xiāo xiào hù,5
嗄,13,所嫁切,shà á a xià,3
嗅,13,許救切,xiù,1
嗆,13,此羊切 鋤庚切,qiāng qiàng chéng,5
嗇,13,所力切,sè,9
嗈,13,於容切,yōng,1
嗉,13,桑故切,ù,2
嗊,13,呼孔切,hǒng gǒng gòng,3
嗋,13,虚業切,ié,1
嗌,13,伊昔切 烏懈切,yì ài,3
嗎,13,,mà ma má mǎ,3
嗏,12,初加切,hā,3
嗐,13,下蓋切,ài,2
嗑,13,古盍切 胡臘切 迄甲切,kè kē hé xiá,5
嗒,12,吐盍切 都合切,tà dā da,4
嗓,13,寫朗切,ǎng,2
嗔,13,徒年切 昌真切,tián chēn,3
嗕,13,而蜀切,rù,1
嗖,12,所六切 所救切,sù sòu sōu,3
嗗,12,烏八切,wā gū,2
嗘,13,堅奚切,jī,1
嗙,13,甫盲切 補曠切,bēng bàng pǎng,4
嗚,13,哀都切 烏故切,wū wù,4
嗛,13,乎監切 苦簟切 苦兼切 詰叶切,xián qiǎn qiàn qiān qiè,3
嗜,13,常利切,shì,2
嗝,13,古核切,é,2
嗞,12,子之切,zī,5
嗟,12,子邪切 子夜切,jiē jiè,3
嗡,13,烏公切 鄔孔切,wēng wěng,2
嗢,12,烏没切,wà,2
嗣,13,祥吏切,sì,6
嗤,13,赤之切,hī,2
嗥,13,胡刀切,háo,1
嗦,13,,suō,1
嗨,13,,hāi hēi,2
嗩,13,,suǒ,2
嗪,13,,q韓,1
嗬,13,,ē,2
嗯,13,,ńg（又读ń） ňg（又读ň） ǹg（又读ǹ）,3
嗲,13,,diǎ,1
嗵,13,,tōng,1
嗶,13,壁吉切,bì,1
嗷,13,五勞切,áo,1
嗹,13,落賢切,ián,3
嗺,14,臧回切 素回切 祖猥切,zuī suī zuǐ,6
嗻,14,之夜切 之奢切 章恕切,zhè zhē zhù zhe,5
嗼,13,慕各切,mò,2
嗽,14,所救切 蘇奏切,suō（旧读shuò） shù sòu,2
嗾,14,蘇后切,sǒu,2
嗿,14,他感切,tǎn,1
嘀,14,音謫,zhé dī dí,2
嘁,14,音足 子荅切,zú zā qī,2
嘂,14,古弔切,jiào,1
嘃,14,音憧,chōng,1
嘄,14,堅堯切 吉弔切 覩老切,jiāo jiào dǎo,1
嘅,12,苦愛切,kǎi gé,2
嘆,14,他旦切,tàn,4
嘇,14,師咸切 七紺切,shān càn shěn,2
嘈,14,昨勞切,cáo,1
嘉,14,古牙切,jiā,6
嘌,14,撫招切,piāo piào,4
嘍,14,郎斗切 落侯切,lǒu lóu lou,5
嘎,14,古黠切,gā gá gǎ,4
嘏,14,,gǔ（又读jiǎ）,4
嘐,14,許交切 古肴切 郎刀切 巴效切 眉救切,xiāo jiāo láo bào miù,3
嘑,14,荒烏切 荒故切,hū hù,4
嘒,14,呼惠切,huì,3
嘓,14,古獲切,uō,2
嘔,14,烏侯切 烏后切 匈于切 春朱切,ōu ǒu òu xū chū,7
嘕,14,許延切,xiān,1
嘖,14,側革切,zé,6
嘗,14,市羊切,cháng,8
嘘,14,朽居切,xū shī,5
嘙,14,音婆,pó,1
嘚,14,東客切,dé dē dēi dāi,4
嘛,14,,má ma,3
嘜,14,,m鄆,2
嘝,14,,h?,1
嘞,14,,lei lē,2
嘟,13,音都,ū,3
嘡,14,,tāng,1
嘢,14,,yě,1
嘣,14,,ēng,3
嘦,14,,ji鄌,1
嘧,14,,m?,1
嘩,13,胡瓜切,huá huā,1
嘪,15,莫蟹切,mǎi,1
嘬,15,楚夬切,chuài zuō,5
嘭,15,蒲庚切,pēng,1
嘮,15,敕交切 郎刀切 虚交切,chāo láo lào xiāo,3
嘯,16,蘇弔切 尺栗切,xiào chì,3
嘰,15,居依切,jī,4
嘲,15,陟交切,cháo zhāo,3
嘳,15,丘愧切,uì,2
嘴,16,祖委切,uǐ,2
嘵,15,許幺切,xiāo,2
嘶,15,先稽切,ī,4
嘸,15,斐父切,fǔ ḿ,2
嘹,15,落蕭切 力弔切,liáo liào,2
嘺,15,渠遥切 丘召切,qiáo qiào,2
嘻,15,許其切,ī,2
嘼,15,許救切 許六切 神咒切,chù xù shòu,2
嘽,15,他干切 昌善切 稱延切 湯何切 黨旱切,tān chǎn chān tuō dǎn,6
嘾,15,徒感切 徒南切,dàn tán,2
嘿,15,莫北切 莫六切 迄得切,mò mù hēi,2
噁,15,烏路切 屋郭切,wù wò ě,3
噂,15,兹損切,zǔn,1
噃,15,孚袁切,fān bo,2
噅,15,許為切,uī,2
噆,15,子荅切,cǎn,2
噇,15,宅江切,huáng,2
噈,15,子六切 作答切 曷閤切,cù zā hé,2
噉,14,徒敢切,àn,1
噊,15,餘律切,yù,2
噋,15,他昆切 苦郭切,tūn kuò,2
噌,15,楚耕切 慈陵切,chēng cēng,4
噍,15,才笑切 即消切 將由切,jiáo jiāo jiū,2
噎,15,乙角切 烏結切 壹計切 乙界切,wò yē yì ài,8
噏,15,許及切,ī,1
噔,15,鐙二反,ēng,2
噗,15,,pū,1
噘,15,,uē,1
噙,15,,q韓,1
噚,15,,xún（又读yīngxún）,1
噝,15,,sī,2
噞,16,魚檢切,yǎn,3
噠,15,宅軋切,dā dā dā,5
噡,16,職廉切 都甘切,zhān dān,1
噢,15,於武切 於六切 於到切,yǔ yù ào ō,4
噣,16,陟救切 竹角切 之欲切 徒谷切,zhòu zhuó zhú dú,4
噤,16,巨禁切,jìn,5
噥,16,奴冬切 女江切,nóng náng,4
噦,16,於月切 呼會切,yuě huì,4
噧,15,許介切,xiè,1
器,16,去冀切,qì,12
噩,16,五各切,è,3
噪,16,蘇到切,ào,3
噫,16,烏界切 於其切 乙力切,ài yī yì,3
噬,16,時制切,shì,4
噭,16,古弔切 詰弔切 詰歷切,jiào qiào chī,2
噮,16,烏縣切,yuàn,1
噯,16,於蓋切,ǎi ài āi,5
噰,16,於容切 委勇切,yōng yǒng,2
噱,16,其虐切,jué xué,4
噲,16,苦夬切 古外切 古活切,kuài guài kuò wèi,5
噳,16,虞矩切,yǔ,1
噴,15,普魂切 芳問切,pēn pèn pen fèn,6
噶,15,古渴切,gé gá,3
噷,16,許淫切,xīn hēn,3
噸,16,,dūn,2
噹,16,,dāng,2
噻,16,,āi,2
噼,16,,pī,1
噿,17,遵誄切,uǐ,2
嚀,17,奴丁切,níng,1
嚁,17,亭歷切,dí,1
嚂,17,盧瞰切 呼覽切,làn hǎn,2
嚃,16,他合切,tà,1
嚄,16,胡伯切 屋郭切,huò wò,2
嚅,17,人朱切,rú,1
嚆,16,虚交切,hāo,1
嚇,17,呼格切 呼訝切,hè xià,5
嚈,17,益涉切,è,1
嚊,17,匹備切 虚器切,pì xì xiù,1
嚋,17,陳留切 張流切,chóu zhōu,1
嚌,17,在詣切 居諧切 莊皆切,jì jiē zhāi,4
嚍,17,即刃切,jìn,1
嚎,17,壺高切,áo,1
嚏,17,丁計切,tì,1
嚓,17,,cā chā,2
嚔,18,都計切 陟利切,tì zhì,1
嚕,18,籠五切,lǔ lū,5
嚗,18,北角切 披教切 薄報切,bó pào bào,4
嚘,18,於求切,yōu,2
嚚,18,語巾切,yín,3
嚛,18,呼木切,hù yo,3
嚜,18,明祕切,mèi me（又读ma）,2
嚝,17,虎横切,ōng,2
嚟,18,隆基切,lí,1
嚥,19,於甸切,yàn,1
嚦,19,郎狄切,lì,3
嚧,19,落胡切,ú,2
嚨,19,盧紅切,lóng,1
嚩,19,文何切,mó,1
嚫,19,初覲切,chèn,1
嚬,19,步真切,ín,1
嚭,19,匹鄙切,pǐ,1
嚮,17,許亮切 許兩切,xiàng xiǎng,8
嚯,19,許畧反,xuè huò,2
嚱,20,虚宜切 香義切,xī xì,3
嚲,20,丁可切,uǒ,3
嚳,20,苦沃切,kù,2
嚴,19,語𩏩切 魚銜切 魚檢反,yán yán yǎn,18
嚵,20,鋤銜切 初銜切,chán chān,4
嚶,20,烏莖切,yīng,1
嚷,20,,rǎng rāng,5
嚹,20,,la,1
嚼,20,才笑切 在爵切,jiáo jué jiào,6
嚾,20,火貫切 呼官切,huàn huān,1
嚿,20,胡白切,huò,1
囀,21,知戀切,zhuàn,2
囁,21,之涉切 而涉切,zhé niè,3
囂,21,虚嬌切 牛刀切,xiāo áo,10
囃,21,倉雜切,cà zhā zǎ,2
囅,22,丑展切,chǎn,1
囆,21,丑邁切,chài,1
囈,21,魚祭切,yì,2
囉,22,魯何切 利遮切,luó luō luo,5
囊,22,奴當切,náng nāng ráng,7
囋,22,才割切 祖贊切 千安切,zá zàn cān,2
囌,22,,sū,2
囐,23,才割切 魚列切 牛偃切 牙葛切,zá niè yàn è,1
囑,24,之欲切,zhǔ,2
囔,25,,nāng nang,2
𠏧,15,楚生切,chēng,1
𠙼,5,,guǎ,1
𠮙,4,億姞切,ǐ,1
𠮜,4,乙黠切 於斤反,yà yīn,2
𠮨,5,,r閚g,1
𠮫,6,於求反,yōu,1
𠮭,6,北角切,ó,1
𠮯,6,居理切,ǐ,2
𠮰,6,疋錦切,pǐn,1
𠮳,6,音集,yīng,1
𠮵,6,莫浪切,màng,1
𠮿,6,,sa（又读san）,1
𠯀,6,音穿,chuān,1
𠯂,6,,cí,1
𠯃,6,,wǔ,1
𠯈,6,徒蓋切,dài,1
𠯋,7,烏弟切,ǐ,3
𠯍,7,如占切,rán,1
𠯐,7,音獲,huò,1
𠯑,7,古活切,guā,1
𠯓,7,陟列切,zhé,1
𠯔,7,譬吉切,pǐ,1
𠯗,7,子答切,zā,1
𠯘,7,博漫切,bàn,1
𠯙,7,姊列切,jié,1
𠯜,7,火侯切,hōu xǔ,1
𠯩,7,,zhā,1
𠯪,7,音遏,dāi dǎi è,1
𠯫,7,,gē,1
𠯭,7,芳逼反,pǐ,1
𠯯,7,,pi鄋,1
𠯰,7,音十,shí,1
𠯱,7,,liǎng,1
𠯲,7,,yuè,1
𠯴,7,,biàn,1
𠯷,7,音仍,réng,1
𠯹,7,,n閚g,1
𠰄,7,烏兮切,yī,1
𠰅,7,音。,zhī,1
𠰇,7,音金,jīn,1
𠰈,8,烏宏切,hóng,1
𠰉,8,敕宵切,hāo,2
𠰋,8,祛尤切,iū,2
𠰍,8,冢庾切 腫庾切 朱戍切,zhǔ zhǔ zhù,2
𠰏,8,側洽切,zhá,1
𠰐,8,普火切,pǒ,1
𠰑,8,魚旰切,àn,1
𠰕,8,尺屈切,chū,1
𠰖,8,羊甘切,yán,1
𠰚,8,音示,shì,1
𠰜,8,影霍切,è,1
𠰴,8,,sh?,1
𠰹,8,音陁,tuō,1
𠰺,8,音代,dài,1
𠰻,8,,wài wai,2
𠰾,8,音居,jū,1
𠱀,8,音波,ō,2
𠱐,9,五矩切,yǔ,1
𠱑,9,多侯切,ōu,2
𠱓,9,居委反,guǐ,1
𠱔,9,舒救切,shòu,1
𠱘,9,宜㦸切,nì,1
𠱙,9,之六切 前歷切 子六切,zhōu jì cù,1
𠱚,9,力凍切,òng,1
𠱛,9,補永切,bǐng,1
𠱜,9,粗本切,zùn,1
𠱝,9,於列切,yè,1
𠱞,9,而剡切,rǎn,1
𠱠,9,郎丁切,íng,2
𠱡,9,桑割切 所邁切,sà shài,2
𠱤,9,音耒,lěi,1
𠱥,9,五割切 許貴切 才達切,è huì zá,3
𠱨,9,訖逆切,jǐ,1
𠱫,9,牙葛切,è,2
𠱲,9,女洽切,nà,1
𠱳,9,音喗,yǔn,1
𠲋,9,子累切,uǐ,1
𠲌,9,舂遇切,shù,1
𠲍,9,,diū,1
𠲎,9,音伐,fèi fá fa,2
𠲏,9,,rěn,1
𠲔,9,,ī,2
𠲖,9,,yī,1
𠲚,9,,yì,1
𠲛,9,,hu?,1
𠲜,9,,zhēng,1
𠲮,10,古定切,ìng,2
𠲱,10,各頟切,gé,1
𠲴,10,奴侯切,nóu,1
𠲵,10,乞業切 訖業切,qiè jié,2
𠲷,10,丁愜切,dié,1
𠲹,10,渠記切,jì,1
𠲺,10,逆及切,yì,1
𠲻,10,魚衣切,yí,1
𠳁,10,苦本切,kěn,1
𠳃,10,胡孔切,hòng,1
𠳇,10,割二切,hé,1
𠳊,10,虎何切,hē,1
𠳋,10,驅演切,qiǎn,1
𠳌,10,丘駕切,qià,1
𠳎,10,詞子切,sì,1
𠳐,10,,bāng,1
𠳭,10,,None,2
𠳳,10,,āi,1
𠳶,10,,tū,1
𠳹,10,,hu醤g,1
𠳼,10,,s騨g,1
𠳽,10,除耕切,chéng,1
𠳿,10,,wēi,1
𠴂,10,,nǔ,1
𠴆,10,,t?,1
𠴇,10,,bīn,1
𠴡,10,華板切,wǎn,1
𠴣,10,音吼,hǒu,1
𠴨,11,古還切,guān,1
𠴫,11,前歷切 子六切 之六切,jì cù zhù,3
𠴭,11,先的切,xī,1
𠴯,11,山涉切,shè,1
𠴳,11,何交切,iáo,2
𠴸,11,步卧切,bò,1
𠴹,11,乞及切,qì,1
𠴼,11,音到,dào,1
𠴾,11,女洽反,nà,1
𠵣,11,,y?,1
𠵧,11,之人切,zhēn chún,1
𠵨,11,,de,1
𠵩,11,,hē,1
𠵫,11,,āng,1
𠵬,11,音皮,pí,1
𠵭,11,所戢切,sè,1
𠵯,11,,guā,1
𠵷,11,辭兖切,xuàn,1
𠵹,11,,gāng,1
𠵺,11,,bā,1
𠵻,11,,zōng,1
𠵼,11,,m鑞g,1
𠶧,11,,diān,1
𠶨,11,欣其切,xī,1
𠶫,11,音大,dà,1
𠶬,11,奴浪切,nàng,1
𠶰,11,,diāo,1
𠶱,11,力莫切,luò,1
𠶲,11,渴合切,kè,1
𠶷,12,於力切,yì,1
𠶸,12,其虐切,ué,1
𠶾,12,下可切,hè,1
𠶿,12,魚列切 才達切,niè zá,1
𠷀,12,乳尹切,rǔn,1
𠷁,12,音前 音箋,qián jiān,2
𠷂,12,徒亥切,dài,1
𠷇,12,商支切,shī,1
𠷈,12,吕䘏切 力結切,lǜ liè,2
𠷉,12,音迦,iā,2
𠷊,12,毗連切,ián,2
𠷋,12,音厚,hòu,1
𠷌,12,資悉反 音則,jī zé,1
𠷍,12,他合切,tà,1
𠷎,12,直由切 承咒切,chóu shòu,1
𠷏,12,於詭切,wō,2
𠷑,12,普活切,pō,1
𠷒,12,陟皆切,zhāi,1
𠷓,12,呼刑切,xīn,1
𠷖,12,方驗反,biàn,1
𠷙,12,況逼切,xù,1
𠷞,12,古胡切,gū,1
𠸁,12,,p鄆,1
𠸂,12,,ū,1
𠸄,12,,yīng,1
𠸮,12,許講切,xiǎng,1
𠸱,12,奴候切,nuò,1
𠸲,12,古多切,gē,1
𠸳,12,音缽,bó,1
𠸴,12,許戒反,xiè,1
𠸹,13,於六切,yù,1
𠸺,13,音逆,nì,1
𠹁,13,烏化切,wà,1
𠹃,13,於浪切,àng,1
𠹆,13,都含切,dān,1
𠹊,13,采老切,cǎo,1
𠹋,13,秦悉切,jí,1
𠹌,13,奴等切,něng,1
𠹍,13,尹竦切 音容,yǒng róng,2
𠹎,13,許交切,xiāo,1
𠹐,13,初瓦切,chuǎ,1
𠹑,13,五弔切,yào,1
𠹓,13,葛合切,gé,1
𠹔,13,音唐,táng,1
𠹕,13,巴效切,bào,1
𠹖,13,丑幰切,chǎn,1
𠹘,13,許律切,xù,1
𠹛,13,何開切,ái,1
𠹝,13,時流切,chóu,1
𠹠,13,祖郭切,zuō,1
𠹤,13,於避切,wèi,1
𠹥,13,德盍切,dā,1
𠹦,13,篇夷切,pī,1
𠺒,13,,xī,1
𠺔,13,,pèn,1
𠺕,13,,liū liáo,1
𠺖,13,,mǔ（又读yīngmǔ）,1
𠺗,13,,iē,2
𠺙,13,,tu?,1
𠺚,13,,bān,1
𠺝,13,,ē,2
𠺟,13,,k?,1
𠺢,13,,jiā,1
𠺣,13,音剥,bō,1
𠻍,13,呼半切,huàn,1
𠻏,13,將六反,zú,1
𠻐,13,音洛,luò,1
𠻗,14,力之切,lí,1
𠻜,14,山芮切 吕䘏切 朔律切,shuì lǜ sū,3
𠻞,14,口朗切,kǎng,1
𠻠,14,郎丁切,líng,1
𠻡,14,來可切,luǒ,1
𠻤,14,以淺切,yǎn,1
𠻥,14,仕教切,zhào,1
𠻦,14,楚瓦切,chuǎ,1
𠻧,14,姑沃切,gù,1
𠻨,14,丘引切,qǐn,1
𠻪,14,徒甘切,tán,1
𠻫,14,匹問切,fèn,1
𠻬,14,同都切,tú,1
𠻱,14,力恒切,léng,1
𠻴,14,,lǎng,1
𠼖,14,,None,2
𠼟,14,,l,1
𠼠,14,音紙,zhǐ,1
𠼡,14,直由切,chóu,1
𠼢,14,其兩反,jiàng qiàng,2
𠼤,14,,jiān,1
𠼩,14,,l鷑,1
𠼪,14,音移,yí,1
𠽜,14,伊必切,yì,1
𠽝,14,尼近切,nín,1
𠽣,15,側洽切,zhǎ,1
𠽦,15,下斬切,hǎn,1
𠽨,15,音飲,ǐn,1
𠽩,15,逼密切,bì,1
𠽪,15,鄔甘切,ān,1
𠽫,15,虚加切 許下切,xiā xiǎ,2
𠽰,15,音低,dī,1
𠽱,15,九件切,jiǎn,1
𠽲,15,音盤,pán,1
𠽵,15,紆勿切,yù,1
𠽶,15,楚夬切 初芮切 姝悦切,chuài cuì chuò,1
𠽹,15,音察,chá,1
𠽻,15,音哲,zhé,1
𠽼,15,色入切,sè,1
𠽾,15,普悶反,pēn pǔ,1
𠾀,15,直列切,zhé,1
𠾆,15,音棃,lí,1
𠾇,15,,dōu,1
𠾌,15,匹各切,pò,1
𠾏,15,音奢,shē,1
𠾐,15,,l髇g,1
𠾢,15,音樹,shù,1
𠾤,15,,jìn,1
𠾥,15,力仍切,líng,1
𠾨,15,,kān,1
𠾩,15,音臘,là,1
𠾬,15,奇飲反,jìn,1
𠾮,15,音穿,chuān,1
𠾲,15,,yu?,1
𠿆,15,音買,mǎi,1
𠿉,16,吉詣切,jì,1
𠿏,16,子延切,jiān,1
𠿑,16,呼含切 古禫切 五感切 苦濫切,hán gǎn ǎn hǎn,3
𠿓,16,私盍切,sà,1
𠿕,16,丘召切,qiào,2
𠿗,16,色櫛切,sè,1
𠿛,16,籠五切,lǔ,1
𠿜,16,户瓦切,huà,1
𠿝,16,楚居切,chū,1
𠿞,16,音集,shǎn,1
𠿟,16,於角切,wò,1
𠿠,16,阻立切,jí,1
𠿡,16,丁滑切,zhuó,2
𠿣,16,烏兮反,yī,1
𠿤,16,古或切,guó,1
𡀑,16,陟流反,zhōu,1
𡀔,15,,lù lou,2
𡀖,16,音鉢,bō,1
𡀗,16,審支切,shī,1
𡀘,16,於迸切,yìng,1
𡀙,16,,kū,1
𡀾,17,五合切,è,1
𡀿,17,良遇切,lǜ,1
𡁀,17,户感切,hàn,1
𡁁,17,於邁切 丘蓋切,yè kài,1
𡁆,17,吕角切,luò,1
𡁇,17,昌約反,chuò,1
𡁈,17,孚萬切,fàn,1
𡁉,17,陟立切,zhí,1
𡁊,17,於孟切,yìng,1
𡁋,17,烏本切,wěn,1
𡁌,17,烏八切,ā,1
𡁍,17,於邁切,ài,1
𡁎,17,羊諸切,yú,1
𡁑,17,火媧切,huā,1
𡁓,17,力協切,liè,1
𡁕,17,從納切,zá,1
𡁨,17,多耒切,duì,1
𡁮,17,,wō,1
𡁱,17,許之切,xī,1
𡁳,17,,zh鄋,1
𡁴,17,,tu醤,1
𡂊,17,音余,yú,1
𡂏,18,良涉切,liè,1
𡂒,18,之日切,zhì,1
𡂓,18,施隻切,shī,1
𡂕,18,盧晧切,lǎo,1
𡂗,18,音唯,wěi,1
𡂙,18,音集,chí,1
𡂚,18,烏猛切,yǐng,1
𡂛,18,徒候切,dòu,1
𡂟,18,薄巧切,ào,3
𡂡,18,雙遇切,shuò shù,1
𡂣,18,陟立切,zhí,1
𡂩,18,盧協切,liè,1
𡂫,18,,p閚g,1
𡂭,18,,zhē,1
𡂿,18,音義,ǒu ōu ou,3
𡃂,18,音寫,xiè,1
𡃃,18,音緝,jí,1
𡃄,18,,None,2
𡃆,18,,cēng,1
𡃝,18,盧困切,lùn,1
𡃞,18,,z鄋,1
𡃡,19,盧紅切,lóng,1
𡃢,19,許記切,xì,1
𡃦,19,良刃切,lìn,1
𡃩,19,姑回切,guī,1
𡃳,19,呵朋反,hōng,1
𡃷,19,力携切,lí,1
𡃸,19,音雌,cí,1
𡄑,20,子廉切,jiān,1
𡄒,20,大到切,ào,1
𡄔,20,詰定切,qìng,1
𡄕,20,悉協切,xiè,1
𡄖,20,於證切,ìng,1
𡄟,20,,h?,1
𡄡,20,,zhe,1
𡄢,20,音闍,shē,1
𡄣,20,名離切,mí,1
𡄤,20,,hu醤,1
𡄱,21,子六切,ù,1
𡄲,21,人余切,rú,1
𡄳,21,桑葛切,à,2
𡄴,21,胡伯切,uò,1
𡄵,21,於其切,yī,1
𡄷,21,都奚反,dī,1
𡄹,21,盧玩切,luàn,1
𡄻,21,乙冀切,yì,1
𡅂,21,,b?,1
𡅃,21,,p醤g,1
𡅄,21,亭單反,tán,1
𡅅,21,,é（又读éi）,1
𡅆,21,,zāng,1
𡅇,21,,c髇g,1
𡅓,21,陟皆反,zhāi,1
𡅥,22,,di?,1
𡅭,22,古還切,guān,1
𡅹,24,知連切,zhān,1
𡅺,24,仕戢切,jí,1
𡅻,24,火貫切,huàn,1
𡆆,25,勒可反,luǒ,1
𡆏,26,都侯反,dōu,1
𡆕,26,,li鄋,1
