汉字,笔画,反切,拼音,释义总个数
㣻,6,魚肺切,ài,2
㣽,7,商署切 奴故切,shù nù,0
㣾,6,初訝切,chà,1
㣿,6,之若切 都了切,zhuó diǎo,5
㤃,7,敷方切,áng,1
㤄,7,普蓋切,pèi,1
㤅,8,烏代切 許既切 居吏切,ài xì jì,1
㤆,7,芳萬切 方願切,fàn fàn àn,7
㤇,7,烏晧切,o,1
㤈,7,七鴆切,qìn,1
㤉,7,苦加切 魚駕切,qiā yà,2
㤋,7,非奔切 音忿,fēn fèn,1
㤌,8,沽三切,gān,1
㤍,9,口交切 口教切,qiāo qiǎo,1
㤎,9,古俄切,ē,2
㤏,8,徒冬切,tóng,1
㤒,8,古勞切,āo,2
㤓,8,部本切,bèn,1
㤔,8,符遇切,fù,1
㤕,8,丑律切 普没切,chù pò,2
㤖,8,丈吕切,zhù,1
㤚,9,寒剛切,háng,1
㤝,9,昌終切,chōng,1
㤞,9,抽加切 徒落切 直格切,chà duó zé,6
㤠,10,良薛切,liè,1
㤡,9,力制切 力蘖切,lì liè,1
㤢,9,乙六切,yù,1
㤥,9,胡㮣切,hài,1
㤦,9,良志切,lì,1
㤧,9,胡溝切,hóu,1
㤨,9,居悚切,gǒng,1
㤮,11,居况切,guàng,3
㤯,10,滑永切,iǒng,2
㤱,10,敷救切 大透切,fù dòu,2
㤲,11,苦協切,qiè,1
㤳,10,布亥切,běi,1
㤴,10,丑輒切 叱涉切 失涉切 的協切,chè chè shè dié,5
㤶,10,莫江切 尨巷切,máng màng,2
㤷,10,呼含切,hān,1
㤸,10,許激切,xì,1
㤹,10,渠尤切 居幼切,qiú jiù,0
㤻,11,盧本切,lǔn,2
㤾,11,蘇紺切 他紺切,sàn tàn,1
㤿,11,一鹽切,ān,3
㥀,11,音集,zhí dé,1
㥂,11,他德切,è,3
㥄,11,力膺切,íng,2
㥅,11,是酉切,hòu,2
㥆,11,他内切,tuì,3
㥇,11,財干切,cán,1
㥈,12,徒協切,dié,1
㥊,11,薄萌切 披耕切,péng pēng,1
㥋,12,於希切,yī,1
㥌,11,居六切,jú,1
㥏,11,他典切,tiǎn,1
㥒,11,倉宰切 倉來切,cǎi cāi,3
㥓,11,去奇切,qī,1
㥔,11,余六切,yù,1
㥖,12,倉紅切,cōng,1
㥚,12,容朱切 勇主切,yú yǔ,2
㥛,12,紀力切 克革切,jí kè,3
㥜,12,于貴切,èi,2
㥝,12,綿婢切,mǐ,1
㥞,12,雖遂切,suì,1
㥟,12,户佳切,xié,1
㥡,12,丑二切,chì,1
㥢,12,自秋切 將由切,qiú jiū,4
㥥,12,元俱切,yú,2
㥨,13,時髓切 尹捶切,shuì wěi,2
㥩,12,東果切,duǒ,1
㥬,13,蒲光切,páng,1
㥮,13,,zhòu（旧读chǎo）,2
㥯,14,於謹切,yǐn,2
㥰,13,蘇遭切,sāo,1
㥲,14,稱人切,chēn shèn,0
㥳,13,愚袁切,yuán,1
㥴,13,弋支切 田黎切,yí tí,2
㥶,14,蘇則切 丘虔切,sè qiān,0
㥼,14,於靳切 於虔切,yìn yān,2
㥽,14,楚革切 側革切,cè zé,2
㥾,14,女力切,nì,1
㦀,14,音逢,éng,2
㦁,15,力延切 力展切,lián liǎn,2
㦃,14,初限切,hǎn,2
㦅,14,徒結切,diē dì（旧读chài）,1
㦆,14,荒胡切 虚加切,hū xiā,2
㦇,14,盧谷切,ù,2
㦊,15,胡瓜切,huá,1
㦋,15,陟加切,zhā,1
㦌,16,呼骨切 呼役切,hū xù,3
㦎,15,呼麥切,uò,3
㦏,15,聳尹切 息戀切,sǔn xuàn,2
㦐,15,女利切,nì,1
㦑,15,許鑒切,xiàn hān,1
㦒,15,郎奚切,í,1
㦓,15,胡典切 忍善切,xiàn rǎn,1
㦕,15,音集,lóng,1
㦗,16,居吟切 巨禁切,jīn jìn,0
㦘,17,古的切,ī,1
㦚,18,方緬切,biǎn,2
㦛,18,余吕切 以諸切,yǔ yú,2
㦜,17,胡郭切 怳縛切,huò xuè,3
㦟,18,莫皆切,mái,1
㦢,18,子結切,ié,2
㦣,20,于歲切,wèi,1
㦥,19,許元切 許偃切,xuān xiǎn,1
㦦,19,許激切,ì,2
㦩,20,倚謹切,ǐn,1
㦪,20,悉協切,xiè,1
㦫,22,子末切,zā,1
㦬,22,來可切,luǒ,1
心,4,息林切,xīn,15
必,5,卑吉切,bì,11
忇,5,盧得切,è,2
忈,6,音集,rén,1
忉,5,都牢切,āo,2
忊,5,徒徑切 他定切,dìng tìng,2
忋,6,己亥切,gǎi,1
忌,7,渠記切,jì,10
忍,7,而軫切 而振切,rěn rèn,8
忏,6,七典切,qiǎn chàn,2
忐,7,音集 口梗切,tǎn kěng,2
忑,7,音集 端討切,tè dǎo,3
忒,7,他德切,tè tuī,7
忓,6,古寒切 侯旰切,gān hàn,4
忔,6,許訖切 魚乙切,qì yì,3
忕,6,時制切 他蓋切,shì tài,2
忖,6,倉本切,cǔn,4
志,7,職吏切,zhì,13
忘,7,巫放切,wàng,4
忙,6,莫郎切,áng,5
忚,6,呼雞切 力者切,xī liě,2
忝,8,他玷切,tiǎn,2
忞,8,武巾切 武粉切,mín wěn,2
忠,8,陟弓切,zhōng,6
忡,7,敕中切,chōng,1
忤,7,,ǔ（旧读wù）,2
忥,8,許既切,xì,3
忦,7,古黠切,jiá,4
忧,7,于救切,yòu yōu,2
忨,7,,wán（又读wàn）,2
忪,7,職容切,zhōng sōng,3
快,7,苦夬切,kuài,14
忬,7,羊洳切 商居切,yù shū,0
忭,7,皮變切,biàn,1
忮,7,支義切 翹移切,zhì qí,6
忯,7,巨支切 上紙切,qí shì,2
忱,7,氏任切 徒敢反,chén dàn,4
忲,7,他蓋切,tài,1
忳,7,徒渾切 朱倫切 杜本切,tún zhūn dùn,3
忴,7,其淹切 渠金切,qián qín,2
念,8,奴店切,niàn,7
忶,7,户昆切,ún,2
忸,7,女六切,iǔ,1
忹,7,巨王切 紆往切,kuáng wǎng,2
忺,7,虚嚴切,iān,2
忻,7,許斤切,xīn,5
忼,7,苦朗切 呼郎切 下朗切,kāng hāng hàng,2
忽,8,呼骨切,hū,9
忾,7,喜夷切,qì kài,1
忿,8,匹問切,fèn,1
怀,7,音副,fù huái,2
怇,7,臼許切,ù,2
怉,8,博巧切 簿晧切,bǎo bào,2
怊,8,敕宵切,chāo,3
怋,8,彌鄰切 莫奔切,mín mén,4
怌,8,敷悲切,ēi,2
怍,8,在各切 助駕切,zuò zhà,3
怎,9,音集,zěn,1
怏,8,於亮切 於良切,yàng yāng,4
怐,8,九遇切 苦候切,jù kòu,2
怑,8,薄半切,bàn,1
怒,9,乃故切,nù,10
怓,8,女交切 尼猷切,náo niú,3
怔,8,諸盈切,zhēng zhèng,2
怕,8,普駕切 普伯切,pà bó,6
怖,8,普故切,bù,2
怗,8,他恊切 處占切,tiē zhān,4
怘,9,胡故切 古慕切,hù gù,4
怙,8,侯古切,hù,2
怚,8,將預切 千余切 聰徂切 宗蘇切,jù qū cū zū,5
怛,8,當割切 得案切,dá dàn,6
怜,8,郎丁切 落賢切 朗鼎切,líng lián lǐng,2
思,9,息茲切 桑才切,sī sāi,10
怞,8,直由切 夷周切,chóu yóu,2
怟,8,丁計切,dì,1
怠,9,徒亥切 盈之切,dài yí,4
怡,8,與之切,yí,4
怢,8,他骨切 他結切 吐内切,tū dié tuì,2
怤,9,芳無切,fū,2
急,9,居立切,jí,16
怦,8,普耕切,ēng,3
性,8,新佞切,xìng xìng xìng,25
怨,9,於願切 紆問切,yuàn yùn,6
怩,8,女夷切,ní,1
怪,8,古壞切,guài,9
怫,8,符弗切 芳未切 扶沸切 蒲昧切,fèi fèi fèi bèi,5
怬,8,許異切,ì,2
怭,8,毗必切,bì,1
怮,8,於虯切 於求切 於教切,yōu yōu yào,3
怯,8,去劫切,qiè,6
怰,8,户絹切,xuàn,1
怱,9,倉紅切,ōng,1
怲,8,兵永切,bǐng,2
怳,8,許昉切,huǎng,5
怴,8,許聿切 許月切,xù xuè,4
怵,8,丑律切 雪律切 休必切,xù xù xù,4
怶,8,彼義切 普皮切,bì pī,3
怷,9,食律切,shù,1
怸,9,,ī,2
怹,9,,tān,1
恀,9,承紙切,hì,2
恁,10,如甚切,rèn nín nèn,6
恂,9,相倫切 輸潤切,xún shùn,9
恃,9,時止切 丈里切,shì zhì,4
恄,9,許吉切,xì,1
恅,9,盧晧切,lǎo,1
恆,9,胡登切 居鄧切,héng gèng,11
恇,9,去王切,kuāng,3
恈,9,莫浮切,móu,1
恉,9,職雉切,zhǐ,1
恊,9,檄頰切,xié,2
恌,9,吐彫切 餘昭切,tiāo yáo,2
恍,9,虎晃切 古黄切,huǎng guāng,5
恎,9,徒結切,dié,1
恏,10,音好,hào,1
恐,10,丘隴切,kǒng,4
恑,9,過委切 虞為切,guǐ wéi,3
恓,9,音恤,qī xù,0
恔,9,古了切 後教切,jiǎo xiào,2
恕,10,商署切,shù,5
恗,9,荒烏切 枯瓜切,hū kuā,3
恘,9,去秋切,qiū,1
恙,10,餘亮切,yàng,4
恚,10,於避切,huì,1
恛,9,胡隈切,huí,1
恜,9,恥力切,hì,2
恝,10,訖黠切 詰計切,jiá qì,2
恞,9,以脂切,yí,1
恟,9,許容切,xiōng,1
恢,9,苦回切,huī,4
恣,10,資四切,zì,5
恤,9,辛聿切,xù,7
恥,10,敕里切,chǐ,3
恦,9,式亮切,shàng,1
恧,10,女六切,nǜ,1
恨,9,胡艮切,hèn,2
恩,10,烏痕切,ēn,6
恪,9,苦各切,è,4
恫,9,他紅切 徒弄切 音通,dòng dòng dòng,4
恬,9,徒兼切,tián,5
恭,10,九容切,gōng,6
恮,9,此緣切 莊緣切,quān zhuān,2
息,10,相即切,xī,15
恰,9,苦洽切,qià,6
恲,9,撫庚切,ēng,3
恾,9,莫郎切,áng,2
恿,11,余隴切 他通切,yǒng tōng,0
悀,10,余隴切,ǒng,3
悁,10,於緣切 規掾切,yuān juàn,3
悂,10,匹夷切 邊迷切 普米切,pī bī pǐ,3
悃,10,苦本切,kǔn,1
悄,10,親小切 七肖切,qiǎo qiào qiāo,7
悆,11,羊洳切 商居切,yù shū,4
悇,10,他胡切 羊諸切,tú yú,2
悈,10,古拜切 乞得切,jiè kè,6
悉,11,息七切,xī,6
悊,11,陟列切,zhé,1
悌,10,特計切,tì,3
悍,10,下罕切,hàn hàn hàn,11
悎,10,下老切 居效切,hào jiào,3
悐,11,他歷切,ì,1
悒,10,於汲切,yì,1
悔,10,呼罪切,huǐ,4
悕,10,香衣切,ī,2
悖,10,蒲昧切 必每切,bèi běi,8
悗,10,母官切 母本切,mán mèn,4
悘,11,於其切 壹計切,yī yì,3
悙,10,許庚切 亨孟切,hēng hèng,2
悚,10,息拱切,sǒng,1
悛,10,此緣切 須倫切,quān xún,5
悜,10,丑郢切,hěng,2
悝,10,苦回切 良士切,kuī lǐ,5
悟,10,五故切,wù,5
悠,11,以周切,yōu,7
悢,10,力讓切 里黨切,liàng lǎng,3
患,11,胡慣切,huàn,6
悤,11,麤叢切,l在心上，示心之多遽悤悤也。《説文》云‘从心’，囱囱當是l之變形。又云‘囱亦聲’，乃由指事而變為形聲矣。”,1
悦,10,弋雪切,uè,6
悮,10,五故切,ù,2
悰,11,藏宗切,cóng,3
悱,11,敷尾切,fěi,1
悲,12,府眉切,bēi,6
悴,11,秦醉切,cuì,3
悵,11,丑亮切,chàng,1
悶,12,莫困切 謨奔切,mèn mēn,8
悷,11,郎計切,lì,1
悸,11,其季切,jì,5
悹,12,古玩切,guàn,1
悻,11,下耿切,ìng,3
悼,11,徒到切,dào,4
悽,11,七稽切 七計切,qī qì,3
悾,11,苦紅切 苦動切,kōng kǒng,3
悿,11,他典切,tiǎn tiǎn tiǎn,5
惀,11,力迍切 盧困切,lún lùn,3
惁,12,先擊切,ī,2
惂,11,苦感切,kǎn,2
惃,11,古本切,ǔn,2
惄,12,奴歷切,nì,3
情,11,疾盈切,qíng,12
惆,11,丑鳩切 祛尤切 都勞切,chóu qiū dāo,3
惇,11,都昆切,dūn,3
惈,11,古火切,guǒ,1
惉,12,處占切,zhān,1
惊,11,吕張切,liáng jīng,1
惋,11,烏貫切,ǎn,2
惌,12,於袁切 於阮切 紆勿切,yuān wǎn yù,3
惍,11,居吟切,jīn,1
惎,12,渠記切,jì,5
惏,11,盧含切 犂針切,lán lín,3
惐,11,乙六切 忽域切,yù xù,2
惑,12,胡國切,huò,6
惒,12,音和,hé,1
惓,11,逵眷切 逵員切,juàn quán,4
惔,11,徒甘切 徒敢切,tán dàn,2
惕,11,他歷切,tì,6
惗,11,奴協切,iè,2
惘,11,文兩切,wǎng,1
惙,11,陟劣切 丑芮切,chuò chuì,5
惚,11,呼骨切,hū,1
惛,11,呼昆切 莫困切,hūn mèn,1
惜,11,思積切,xī,4
惝,11,,hǎng（又读tǎng）,4
惟,11,以追切,wéi wěi,12
惠,12,胡桂切,huì,13
惡,12,烏各切 烏路切 哀都切 荒胡切,è wù wū ě hū,22
惢,12,蘇果切 如累切,suǒ ruǐ,5
惤,11,古賢反,iān,2
惦,11,,di鄋,1
惰,12,徒果切 徒禾切,duò tuó,4
惱,12,奴晧切,nǎo,3
惲,12,於粉切,yùn,3
想,13,息兩切,xiǎng,6
惴,12,之睡切 川兖反 古賣切,zhuì chuǎn guà,3
惵,12,徒協切 託協切,dié tiē,2
惶,12,胡光切,huáng,3
惷,13,尺尹切,chǔn,3
惸,12,渠營切,ióng,2
惹,12,人者切 而灼切,rě ruò,7
惺,12,桑經切,īng,3
惻,12,初力切,cè,1
惽,12,呼昆切,ūn,1
惾,12,祖叢切,zōng,1
惿,12,田黎切 上紙切,tí shì,1
愀,12,親小切 七救反,qiǎo qiù,4
愁,13,士尤切 子小切 將由切,chóu qiǎo jiū,5
愃,12,須緣切,xuān,2
愄,12,烏回切,wēi,1
愆,13,去乾切,qiān,5
愇,12,于鬼切,ěi,2
愈,13,以主切,ù,6
愉,12,羊朱切 他侯切 勇主切,yú tōu yǔ,5
愊,12,芳逼切,bì,2
愋,12,況袁切,uān,3
愍,13,眉殞切 敷文切,mǐn fēn,6
愎,12,符逼切,bì,2
意,13,於記切 於其切,yì yī,17
愐,12,彌兖切,miǎn,2
愒,12,去例切 苦蓋切 許葛切,qì kài hè,5
愓,12,徒朗切 尸羊切 徒郎切 余章切,dàng shāng táng yáng,6
愔,12,挹淫切,īn,2
愕,12,,None,3
愖,12,氏任切 都含切 火禁切,chén dān xìn,1
愗,13,莫候切,ào,1
愘,12,丘駕切 丘加切,qià qiā kè,1
愚,13,遇俱切,yú,4
愛,13,烏代切,ài,11
愜,12,苦協切,qiè,3
愝,12,隱㦥切,yǎn,1
感,13,古禫切 胡紺切,gǎn hàn,10
愠,12,於問切 委隕切 鄔本切,yùn yǔn wěn,4
愢,12,蘇來切 新兹切 想止切,sāi sī sǐ,2
愣,12,,g,3
愧,12,俱位切,uì,2
愨,14,苦角切,què,3
愩,13,古紅切 古送切 虎孔切,gōng gòng hǒng,3
愪,13,王分切,yún,2
愫,13,蘇故切,sù,1
愬,14,桑故切 山責切,sù sè,1
愭,13,渠脂切,í,2
愮,13,餘昭切 弋笑切,yáo yào,4
愯,13,息拱切,sǒng,1
愰,13,胡曠切 户廣切,huàng huǎng,3
愲,12,古忽切,gǔ,1
愴,13,初亮切 初兩切,chuàng chuǎng,2
愶,13,虚業切,ié,2
愷,13,苦亥切,kǎi,3
愺,12,采老切,cǎo,1
愻,14,蘇困切,xùn,2
愾,13,許既切 苦愛切 許訖切,xì kài qì,3
愿,14,魚怨切,yuàn,2
慀,13,胡計切 户佳切,xì xié,2
慁,14,胡困切,hùn,3
慂,14,余隴切,ǒng,3
慃,13,烏項切,yǎng,1
慄,13,力質切,ì,3
慅,12,蘇遭切 采老切,sāo cǎo,4
慆,13,土刀切,tāo,4
慇,14,於斤切,yīn,1
慈,13,疾之切,cí,8
慉,13,許竹切 丑六切,xù chù,4
慊,13,賢兼切 苦簟切 詰叶切,xián qiǎn qiè,5
態,14,他代切,tài,3
慌,12,呼光切 呼晃切,huāng huǎng huang,7
慎,13,時刃切 之入切,shèn zhēn,9
慏,13,亡井切,mǐng,1
慒,14,藏宗切 昨遭切,cóng cáo,2
慓,14,,piāo（又读piào）,2
慔,13,莫故切,mù,1
慕,14,莫故切,mù,5
慖,14,古獲切,uó,2
慗,15,恥力切,chì,1
慘,14,七感切,cǎn,12
慙,15,昨甘切,cán,1
慛,14,昨回切,cuī,1
慜,15,眉殞切,ǐn,1
慝,14,他德切 昵力切,tè nì,7
慞,14,諸良切,hāng,2
慟,14,徒弄切,tòng,1
慠,13,魚到切 牛刀切,ào áo,1
慢,14,謨晏切 謨官切,màn mán,11
慣,14,古患切,guàn,2
慥,13,,ào（旧读cào）,2
慦,15,居又切,iù,2
慧,15,胡桂切,huì,6
慨,12,苦愛切,kǎi,3
慪,14,烏侯切,ōu òu,4
慫,15,息拱切,sǒng,6
慬,14,巨斤切 巨靳切 居隱切,qín jìn jǐn,4
慮,15,良倨切 凌如切 龍珠切,lǘ lǘ lǘ,12
慯,14,式羊切,shāng,1
慰,15,於胃切,wèi,5
慱,14,度官切,uán,1
慲,14,母官切,mán,2
慳,14,苦閑切 何間切,qiān xián,6
慴,14,,shè（旧读zhé）,2
慵,14,蜀庸切,yōng,1
慶,15,丘敬切 丘京切 墟羊切,qìng qīng qiāng,8
慷,14,苦朗切,kāng,2
慸,15,特計切 丑犗切 尺制切,dì dì chì,5
慹,15,之入切 之涉切,zhí zhé,2
慺,14,落侯切 力主切,lóu lǚ,5
慻,14,居倦反,juàn,1
慼,15,倉歷切,ī,2
慾,15,余蜀切,yù,1
憀,14,落蕭切,liáo,4
憁,14,音韻,còng sōng,2
憂,15,於求切,yōu,6
憃,15,書容切,chōng,2
憄,15,陟利切,zhì,1
憈,14,丘於切,qū,1
憉,15,薄庚切,éng,1
憊,16,蒲拜切,bèi,2
憋,15,并列切,iē,6
憌,16,渠營切,qióng,1
憍,15,舉喬切,iāo,1
憎,15,作滕切,zēng,3
憐,15,落賢切,lián,3
憑,16,扶冰切,píng,12
憒,15,古對切,kuì,1
憔,15,昨焦切,qiáo,1
憕,15,直陵切 直庚切 澄應切 丁鄧切,chéng chéng zhèng dèng,4
憖,16,魚覲切 香靳切 魚巾切,yìn xìn yín,9
憘,15,許己切 虚其切,xǐ xī,1
憙,16,虚里切,xǐ,3
憚,15,徒案切 當割切 齒善切,dàn dá chǎn,6
憛,15,他紺切,án,2
憝,16,徒對切,duì,2
憞,15,徒對切 徒困切 他昆切,duì dùn tūn,2
憟,15,相玉切,sù,1
憡,15,楚革切,cè,1
憢,15,許幺切 堅堯切,xiāo jiāo,1
憣,15,符山切,ān,1
憤,15,房吻切,fèn,5
憥,16,魯刀切,áo,1
憦,15,郎到切,lào láo,1
憧,15,尺容切 直絳切,chōng zhuàng,3
憨,15,呼談切,ān,6
憩,16,去例切,qì,1
憪,15,户閒切 下赧切,xián xiàn,5
憫,15,眉殞切,mǐn,2
憬,15,俱永切,jǐng,2
憭,15,力小切 落蕭切,liǎo liáo,6
憮,15,文甫切 武夫切,wǔ wú,7
憯,15,七感切,cǎn,7
憰,15,古穴切,jué,1
憱,15,初又切,chòu,1
憲,16,許建切 呼典切,xiàn xiǎn,15
憳,15,他感切,tǎn,1
憴,16,食陵切,héng,1
憵,17,普擊切,pī,1
憶,16,於力切,yì,3
憷,16,創舉切 創據切,chǔ chù,3
憸,16,息廉切,xiān,1
憹,16,奴刀切 奴冬切 濃江切 乃老切,náo nóng náng nǎo,3
憺,16,徒濫切,dàn,4
憼,16,居影切 居慶切,jǐng jìng,1
憽,15,蘇公切,sōng,1
憾,16,胡紺切 徒感切,hàn dàn,3
憿,16,古堯切 吉了切 吉歷切,jiǎo jiǎo jī,3
懀,16,烏外切,èi,3
懁,16,古縣切 呼關切,xuān huān,4
懂,15,覩動切,dǒng,1
懃,17,巨斤切,ín,1
懄,16,巨斤切,ín,0
懅,16,强魚切,ù,2
懆,16,采老切 蘇遭切 先到切,cǎo sāo sào,2
懇,17,康很切,kěn,2
懈,16,古隘切,xiè,2
應,17,於陵切 於證切,yīng yìng,17
懊,15,烏到切 於六切,ào yù,3
懋,17,莫候切,mào,6
懌,16,羊益切,yì,3
懎,16,所力切,è,2
懏,15,祖峻切,jùn,1
懔,16,力稔切 盧感切,lǐn lǎn,3
懕,18,一鹽切 於豔切 益涉切,yān yàn yè,3
懖,18,古活切,kuò,1
懘,18,尺制切,chì,1
懚,17,於靳切,ìn,1
懛,17,丁來切,āi,2
懜,16,武亘切 莫中切 莫紅切,mèng méng měng,2
懝,17,五溉切 魚力切 偶起切,ài nì nǐ,3
懞,16,謨蓬切 母揔切,méng měng,1
懟,18,直類切,duì,2
懠,17,徂奚切 才詣切 牋西切,qí jì jī,4
懢,17,魯甘切 户黤切,lán jiàn,2
懣,18,莫困切,mèn,2
懤,17,直由切,chóu,1
懥,17,陟利切,zhì,1
懦,17,人朱切,nuò,2
懩,17,以兩切,ǎng,2
懪,18,蒲角切,ó,2
懫,18,陟利切,zhì zhì zhì,5
懬,18,丘晃切,kuàng,3
懭,17,古猛切 苦謗切,kuǎng kuǎng kuǎng kuǎng,8
懮,18,於柳切 於求切,yǒu yōu,1
懯,19,芳無切,ū,1
懰,18,力求切 力久切,liú liǔ,3
懱,17,莫結切,miè,3
懲,19,直陵切,chéng,7
懵,18,莫孔切 母亘切,měng mèng,3
懶,19,落旱切 落蓋切,lǎn lài,2
懷,19,户乖切,huái,16
懸,20,胡涓切,xuán,12
懹,20,人漾切,ràng,1
懺,20,楚鑒切,chàn,2
懻,19,几利切,jì,1
懼,21,其遇切,jù,4
懽,20,呼官切 古玩切,huān guàn,1
懾,21,之涉切,shè,3
懿,22,乙冀切 於其切,yì yī,5
戀,23,力卷切,liàn,4
戁,23,奴板切,nán,4
戂,22,忙皮切 眉波切,mí mó,2
戄,23,具籰切,ué,2
戇,28,陟降切,zhuàng gàng,2
𢖩,3,丁兼切,diān,1
𢖫,5,魚既切,yì,1
𢖬,5,符彼切,bì,1
𢖳,6,况于切,xū,1
𢖵,6,如倨切,rù,1
𢖷,6,沽紅切,gōng,1
𢖺,6,與職切,yì,1
𢗄,6,音下,xià,0
𢗈,6,支超切,zhāo,1
𢗉,7,奴骨切,nè,1
𢗊,7,許介切 訖黠切,xiè jiá,4
𢗎,7,營隻切,yì,1
𢗫,7,,fǔ,1
𢗭,7,,shè,1
𢗯,7,音元,yuán,0
𢗰,7,音反,fǎn,0
𢗲,7,音夫,fū,1
𢗳,7,音·,máo mí,0
𢗴,7,音兮,xī,0
𢗵,7,胡孔切,hǒng,1
𢗹,7,渠記切,ì,2
𢗺,7,丑亮切,chàng,1
𢗿,8,莫葛切,mò,1
𢘃,8,莫胡切 罔甫切,mú wǔ,1
𢘄,8,徐由切,qiú,1
𢘅,8,莫候切 而由切,mào róu,1
𢘇,8,得按切,dá dàn,1
𢘉,8,胡甲切,xiá,1
𢘊,8,升人切,shēn,1
𢘌,8,户盲切,hóng,1
𢘍,8,房密切,bì fú,0
𢘟,8,,qiáo,1
𢘬,8,,xī,1
𢘸,9,古巷切,jiàng,1
𢘹,9,初轄切,chà,1
𢘺,9,母婢切 緜批切,mǐ mí,1
𢘽,9,餘制切,yì,2
𢘿,9,蘇禾切,suō,1
𢙁,9,烏故切,wù,1
𢙂,9,火玄切,uān,2
𢙅,9,迄及切,xī,1
𢙇,9,烏紀切,yǐ,1
𢙮,9,苦陷反,kàn,1
𢙱,10,盧貢切,lòng,1
𢙲,10,兩舉切,lǚ,1
𢙳,10,之爽切,zhuǎng,1
𢙺,10,職吏切,zhì,1
𢙾,10,古杏切,gěng,1
𢙿,10,巨禁切,jìn,1
𢚀,10,私箭切,xiàn,1
𢚁,10,渠記切,jì,1
𢚂,10,則卧反,cuò,1
𢚅,10,音粉,fěn,1
𢚋,10,音集,miào,1
𢚌,10,何加切,xiá,1
𢚑,10,蘇故切,sù,1
𢚩,10,音隱,yǐn jí,0
𢚪,10,音户,hù,0
𢚫,10,,kòu,1
𢚭,10,,suǒ,1
𢚮,10,音匿,nì,0
𢚺,10,通懇切,tēng,1
𢚻,10,音佇,zhù,1
𢚾,10,胡玩切,uàn,2
𢛁,11,丁割切 尺列切,dá chè,1
𢛃,11,巨鳩切,qiú,1
𢛄,11,牛懈切,yà,1
𢛆,11,胡田切,xián,2
𢛉,11,女恚切,nèi,1
𢛍,11,陟里切,zhǐ,1
𢛎,11,蒲結切,bié,1
𢛒,11,尺隴切,chǒng,1
𢛓,11,力閑切,lán,1
𢛔,11,都籠切,dōng,1
𢛖,11,赫巷切,xiàng,1
𢛘,11,何交切,xiáo,1
𢛛,11,于放切,wàng,1
𢛜,11,乃計切,nì,1
𢛞,11,蘖佳切,bāi,1
𢛟,11,衣駕切,yà,1
𢛥,11,胥思切,sī,1
𢛦,11,於謹切,yǐn,1
𢛨,11,依倨切,yù,1
𢛮,11,力其切,lí,1
𢜗,11,部項切,bàng,1
𢜣,11,先擊切,xī,1
𢜨,12,私列切,xiè dié,1
𢜩,12,丘廉切,qiān,1
𢜪,12,匿各切 日灼切,nuò rě,1
𢜬,12,徒落切,uó,1
𢜮,12,文甫切,wǔ,1
𢜯,12,蒙晡切 迷浮切 音訓,mú móu mǔ,0
𢜰,12,於驗切 衣檢切,yàn yǎn,1
𢜱,12,七入切,qì,1
𢜲,12,女加切,ná,1
𢜳,12,尺制切,chì,1
𢜴,12,胡溝切,hóu,1
𢜶,12,先到切,sào,1
𢜸,12,奴刀切,náo,1
𢜻,12,尺拯切,chěng,1
𢜼,12,丑拯切,chěng,1
𢜽,12,渠隹切,kuí,2
𢜿,12,居迓切,jià,2
𢝀,12,度骨切,tū,1
𢝁,12,呼宏切,hōng,1
𢝂,12,徒沃切,dú,1
𢝅,12,何加切,xiá,1
𢝆,12,直隴切,zhòng,1
𢝇,12,虎伯切,huò,1
𢝈,12,持中切,chóng,1
𢝉,12,德盍切,dā,1
𢝍,12,衣孝切,yào,1
𢝓,12,古懸切,juān,1
𢝬,12,音示,shì,0
𢝯,12,,yín,1
𢝳,12,,gǔ,1
𢝴,12,烏故反,wù,1
𢝸,12,,guò,1
𢝹,12,他計切,tì,3
𢞇,12,音惹,rě,1
𢞉,12,音沂,yí,1
𢞏,13,去宫切,qióng,1
𢞐,13,胡蓋切,ài,2
𢞒,13,苦擊切,qì,1
𢞕,13,忽郭切,huò,1
𢞗,13,匹夷切 方迷切,pī bī,2
𢞚,13,古幸切,gěng,1
𢞜,13,先結切,xiè,1
𢞞,13,彌計切 緜批切,mì mí,1
𢞟,13,居号切,gào,1
𢞠,13,他合切,tā,1
𢞡,13,虚慃切,xiǎng,1
𢞦,13,防無切,fú,1
𢞭,13,力救切,liù,1
𢟊,13,丑拯切,chěng,1
𢟢,14,吕支切,í,2
𢟣,14,弋亮切,yàng,1
𢟤,14,里之切,lí,1
𢟧,14,籠五切,lǔ,1
𢟨,14,滿補切,mǔ,1
𢟩,14,旋芮切,suì,1
𢟪,14,烏代切 許既切,ài xì,2
𢟭,14,丘堠切,kòu,1
𢟯,14,之涉反 始制切,zhé shì,2
𢟰,14,五介切,ài,1
𢟱,14,徒登切,téng,1
𢟳,14,劣戍切,lǜ,1
𢟴,14,徒回切,tuí,1
𢟾,14,許魏反,huì,1
𢟿,14,火還切,huán,1
𢠝,14,音心,xīn,1
𢠡,14,蘇到切,sào,1
𢠫,14,音庶,shù,1
𢠬,14,客角切,què,1
𢠭,14,音巴,bā,1
𢠲,15,敷救切,fù,1
𢠷,15,户講切,xiàng,1
𢠹,15,相支切 先齊切,sī xī,2
𢠺,15,蒲橃切,bó,1
𢠼,15,莫佳切,mái,1
𢠿,15,居胃切,guì,1
𢡀,15,迄得切,hēi,1
𢡁,15,迄及切,xī,1
𢡂,15,待朗切,dàng,1
𢡃,15,乙力切,yì,1
𢡇,15,攻乎切,gū,1
𢡈,15,此芮切,cuì,1
𢡉,15,色入切,sè,1
𢡍,15,古核切,gé,1
𢡎,15,音集,yù,1
𢡏,15,奴可反,nuǒ,1
𢡑,15,郎翌切,lì,1
𢡒,15,照世切,zhì,1
𢡰,15,音篇,zhào,1
𢡴,15,古脂切,jī,1
𢡵,15,,ruǎn,1
𢡹,15,,chòng,1
𢢁,15,,chán,1
𢢒,16,私骨切,sù,1
𢢓,16,於容切,yōng,1
𢢖,16,去例切,qì,1
𢢗,16,直角切,zhuó,1
𢢜,16,魚怯切,yè,1
𢢞,16,苦計切 吉詣切 詰歷切 口賣切,jì jì jì kuài,5
𢢹,16,香仲切,xiòng,0
𢣉,16,於希切,yī,1
𢣊,16,楚九切,chǒu,1
𢣎,17,土緩切,tuǎn,1
𢣏,17,於蓋切,ài,1
𢣐,17,匹賔切,īn,2
𢣓,17,力協切,liè,1
𢣔,17,武延切,mián,2
𢣕,17,牛代切 超之切,ài chī,0
𢣗,17,亡果切,mǒ,1
𢣘,17,以醉切,wèi,1
𢣙,17,烏定切,yìng,1
𢣚,17,乃禮切,nǐ,1
𢣞,17,卜則切,bó,1
𢣠,17,良秀切,liù,1
𢣦,17,,b?,1
𢣻,18,力居切,lǘ,1
𢣼,18,初戛切,chá,1
𢤁,18,蘇到切,sào,1
𢤂,18,力脂切,lí,3
𢤄,18,息中切,sōng,1
𢤆,18,力制切 郎達切,lì là,1
𢤋,18,許極切,xì,1
𢤍,18,伊閻反,yān,1
𢤎,18,音撮 子括反,cuō zuǒ,2
𢤐,18,力求切,liú,1
𢤘,18,莫耕切,méng,1
𢤚,18,音戰,zhàn,0
𢤧,19,墨角切,miǎo,2
𢤩,19,狠狄切,lì,1
𢤫,19,音舉,jǔ,1
𢤯,19,下介切,xiè,1
𢤰,19,下介切,iè,3
𢤱,19,力董切,lǒng,1
𢤲,19,盧東切,lóng,1
𢥃,19,音住,zhù,1
𢥋,20,鋤咸切,chán,1
𢥌,20,息淺切,xiǎn,1
𢥏,20,音營,yíng,1
𢥐,20,鋪畏切,pèi,1
𢥘,21,户圭切,xié,1
𢥚,21,子肖切,jiào,1
𢥳,23,音呵,hē,0
𢥽,24,吐袞切,tǔn,1
𢦅,27,虎孔切,hǒng zhuàng,1
𢦈,28,免員切,mán,1
𢦊,30,古欽切,jīn,1
𦑑,14,唐河切,tuó,1
𪫫,8,音認,rèn,0
