[
    {
        "character": "欠",
        "variants": [],
        "synonyms": [],
        "definitions": [
            {
                "type": "multi_sound_multi_meaning",
                "pinyin": "qiàn",
                "rhyme_book": "《廣韻》去劍切，去梵溪。談部。",
                "meanings": [
                    "疲倦时张口打哈欠",
                    "不足；缺乏",
                    "亏欠",
                    "身体一部分稍微前伸或向上移动",
                    "痴呆",
                    "想念；挂牵"
                ]
            },
            {
                "type": "multi_sound_single_meaning",
                "pinyin": "qian",
                "rhyme_book": null,
                "meanings": [
                    "〔打哈欠〕困倦时嘴张开深吸气，然后呼出"
                ]
            }
        ],
        "special_entries": []
    },
    {
        "character": "次",
        "variants": [],
        "synonyms": [],
        "definitions": [
            {
                "type": "single_sound_multi_rhyme_multi_meaning",
                "pinyin": "cì",
                "rhyme_book": "cì　㊀《廣韻》七四切，去至清。脂部。",
                "meanings": [
                    "按顺序叙事，居于前项之后的称次",
                    "次序；顺序",
                    "第二，第二的；副，次级的",
                    "次等的；质量较差的",
                    "量词",
                    "位；职位",
                    "古代官吏治事的处所",
                    "古时用帷幕遮蔽的歇息或更衣的处所",
                    "古人居父母丧时住的房子",
                    "都市里的望楼，用以瞻伺",
                    "处所",
                    "中；间",
                    "近；旁边",
                    "行列；队列",
                    "排列；编次",
                    "驻留；止歇",
                    "特指太阳运行时止宿之所",
                    "至；及",
                    "古代妇女编结头发作装饰叫次",
                    "姓",
                    "放纵",
                    "任凭；听任",
                    "肆意；尽情",
                    "更迭",
                    "放置"
                ]
            },
            {
                "type": "single_sound_multi_rhyme_single_meaing",
                "pinyin": "cì",
                "rhyme_book": "《集韻》資四切，去至精。",
                "meanings": [
                    "〔榆次〕地名"
                ]
            },
            {
                "type": "multi_sound_single_meaning",
                "pinyin": "zī",
                "rhyme_book": "《集韻》津私切，平脂精。脂部。",
                "meanings": [
                    "〔次且〕也作“趑趄”"
                ]
            },
            {
                "type": "multi_sound_single_meaning",
                "pinyin": "cí",
                "rhyme_book": "《集韻》才資切，平脂從。",
                "meanings": [
                    "〔具次〕山名"
                ]
            }
        ],
        "special_entries": []
    },
    {
        "character": "欢",
        "variants": [
            "“歡”"
        ],
        "synonyms": [],
        "definitions": [],
        "special_entries": []
    },
    {
        "character": "欣",
        "variants": [],
        "synonyms": [],
        "definitions": [
            {
                "type": "single_sound_multi_meaning",
                "pinyin": "xīn",
                "rhyme_book": "《廣韻》許斤切，平欣曉。諄部。",
                "meanings": [
                    "喜悦；高兴",
                    "悦服；爱戴",
                    "欣赏；欣慕",
                    "兔之绝有力者",
                    "姓",
                    "观；望",
                    "斜视",
                    "仰慕；爱慕",
                    "希望"
                ]
            }
        ],
        "special_entries": []
    },
    {
        "character": "欤",
        "variants": [
            "同“歟”。《集韻·魚韻》：“歟，《説文》：‘安气也。’或書作欤。”按：今为“歟”"
        ],
        "synonyms": [],
        "definitions": [],
        "special_entries": []
    },
    {
        "character": "欥",
        "variants": [],
        "synonyms": [],
        "definitions": [
            {
                "type": "multi_sound_single_meaning",
                "pinyin": "yù",
                "rhyme_book": "《廣韻》餘律切，入術以。又夷質切。術部。",
                "meanings": [
                    "语气词"
                ]
            },
            {
                "type": "multi_sound_single_meaning",
                "pinyin": "yì",
                "rhyme_book": "《集韻》弋質切，入質以。",
                "meanings": [
                    "喜"
                ]
            }
        ],
        "special_entries": []
    },
    {
        "character": "欦",
        "variants": [],
        "synonyms": [],
        "definitions": [
            {
                "type": "multi_sound_multi_meaning",
                "pinyin": "qiān",
                "rhyme_book": "《集韻》丘嚴切，平嚴溪。侵部。",
                "meanings": [
                    "含笑",
                    "多智"
                ]
            },
            {
                "type": "multi_sound_single_meaning",
                "pinyin": "hān",
                "rhyme_book": "《集韻》呼含切，平覃曉。",
                "meanings": [
                    "同“𣢺”"
                ]
            },
            {
                "type": "multi_sound_multi_meaning",
                "pinyin": "xiān",
                "rhyme_book": "《廣韻》許兼切，平添曉。又火斬切。",
                "meanings": [
                    "贪欲",
                    "笑"
                ]
            },
            {
                "type": "multi_sound_single_meaning",
                "pinyin": "qiǎn",
                "rhyme_book": "《廣韻》丘广切，上儼溪。",
                "meanings": [
                    "欠厓"
                ]
            }
        ],
        "special_entries": []
    },
    {
        "character": "欧",
        "variants": [
            "“歐”"
        ],
        "synonyms": [],
        "definitions": [],
        "special_entries": []
    },
    {
        "character": "欨",
        "variants": [],
        "synonyms": [],
        "definitions": [
            {
                "type": "single_sound_multi_meaning",
                "pinyin": "xū",
                "rhyme_book": "《廣韻》況于切，平虞曉。又況羽切。侯部。",
                "meanings": [
                    "呵气使温暖",
                    "笑意"
                ]
            }
        ],
        "special_entries": []
    },
    {
        "character": "欩",
        "variants": [],
        "synonyms": [],
        "definitions": [
            {
                "type": "single_sound_single_meaning",
                "pinyin": "chāo",
                "rhyme_book": "《廣韻》敕宵切，平宵徹。",
                "meanings": [
                    "健貌"
                ]
            }
        ],
        "special_entries": []
    },
    {
        "character": "欪",
        "variants": [],
        "synonyms": [],
        "definitions": [
            {
                "type": "multi_sound_multi_meaning",
                "pinyin": "chù",
                "rhyme_book": "《廣韻》丑律切，入術徹。又許吉切。術部。",
                "meanings": [
                    "〔咄欪〕没有愧心",
                    "无心",
                    "呵斥"
                ]
            },
            {
                "type": "multi_sound_single_meaning",
                "pinyin": "xì",
                "rhyme_book": "《集韻》敕栗切，入質徹。",
                "meanings": [
                    "同“咥”"
                ]
            },
            {
                "type": "multi_sound_single_meaning",
                "pinyin": "qù",
                "rhyme_book": "《集韻》𨵙吉切，入術溪。",
                "meanings": [
                    "说"
                ]
            }
        ],
        "special_entries": []
    },
    {
        "character": "欫",
        "variants": [
            "吹声。《玉篇·欠部》：“欫，吹聲也。”一说“𦈫”"
        ],
        "synonyms": [],
        "definitions": [],
        "special_entries": []
    },
    {
        "character": "欬",
        "variants": [],
        "synonyms": [],
        "definitions": [
            {
                "type": "multi_sound_single_meaning",
                "pinyin": "kài",
                "rhyme_book": "《廣韻》苦愛切，去代溪。之部。",
                "meanings": [
                    "咳嗽；逆气"
                ]
            },
            {
                "type": "multi_sound_single_meaning",
                "pinyin": "ài",
                "rhyme_book": "《廣韻》於犗切，去夬影。",
                "meanings": [
                    "同“噫”"
                ]
            }
        ],
        "special_entries": []
    },
    {
        "character": "欭",
        "variants": [],
        "synonyms": [],
        "definitions": [
            {
                "type": "multi_sound_single_meaning",
                "pinyin": "yì",
                "rhyme_book": "《廣韻》乙冀切，去至影。脂部。",
                "meanings": [
                    "气逆"
                ]
            },
            {
                "type": "multi_sound_multi_meaning",
                "pinyin": "yīn",
                "rhyme_book": "《集韻》伊真切，平真影。",
                "meanings": [
                    "〔欭㱊〕嘅",
                    "〔喑欭〕叹"
                ]
            }
        ],
        "special_entries": []
    },
    {
        "character": "欮",
        "variants": [],
        "synonyms": [],
        "definitions": [
            {
                "type": "single_sound_multi_meaning",
                "pinyin": "ué",
                "rhyme_book": "《廣韻》居月切，入月見。月部。",
                "meanings": [
                    "同“瘚”",
                    "同“撅（掘）”",
                    "僵仆，跌倒",
                    "跳",
                    "疾行，跑",
                    "急遽貌",
                    "失败；颠覆",
                    "踏；蹈",
                    "踢",
                    "嘉美",
                    "病名",
                    "兽名",
                    "有所犯灾",
                    "〔尥蹶子〕骡马等用后腿向后踢",
                    "动",
                    "狡猾",
                    "姓"
                ]
            }
        ],
        "special_entries": []
    },
    {
        "character": "欯",
        "variants": [],
        "synonyms": [],
        "definitions": [
            {
                "type": "multi_sound_single_meaning",
                "pinyin": "xì",
                "rhyme_book": "《廣韻》許吉切，入質曉。質部。",
                "meanings": [
                    "欢喜；欢笑"
                ]
            },
            {
                "type": "multi_sound_single_meaning",
                "pinyin": "kài",
                "rhyme_book": "《集韻》口戒切，去怪溪。",
                "meanings": [
                    "声音"
                ]
            }
        ],
        "special_entries": []
    },
    {
        "character": "欰",
        "variants": [],
        "synonyms": [],
        "definitions": [
            {
                "type": "single_sound_multi_meaning",
                "pinyin": "ù",
                "rhyme_book": "《廣韻》辛聿切，入術心。",
                "meanings": [
                    "鸣",
                    "虫鸣声"
                ]
            }
        ],
        "special_entries": []
    },
    {
        "character": "欱",
        "variants": [],
        "synonyms": [],
        "definitions": [
            {
                "type": "multi_sound_multi_meaning",
                "pinyin": "hē",
                "rhyme_book": "《廣韻》呼合切，入合曉。緝部。",
                "meanings": [
                    "饮；吸",
                    "合"
                ]
            },
            {
                "type": "multi_sound_single_meaning",
                "pinyin": "xiá",
                "rhyme_book": "《廣韻》呼洽切，入洽曉。",
                "meanings": [
                    "同“𦦕”"
                ]
            }
        ],
        "special_entries": []
    },
    {
        "character": "欲",
        "variants": [],
        "synonyms": [],
        "definitions": [
            {
                "type": "single_sound_multi_meaning",
                "pinyin": "yù",
                "rhyme_book": "《廣韻》余蜀切，入燭以。屋部。",
                "meanings": [
                    "欲望，想要达到某种目的或得到某种东西",
                    "爱；爱好",
                    "邪淫；色欲",
                    "想；想要",
                    "愿意",
                    "要；需要",
                    "将；将要",
                    "婉顺貌"
                ]
            }
        ],
        "special_entries": []
    },
    {
        "character": "欳",
        "variants": [],
        "synonyms": [
            "喟"
        ],
        "definitions": [],
        "special_entries": []
    },
    {
        "character": "欴",
        "variants": [],
        "synonyms": [],
        "definitions": [
            {
                "type": "single_sound_single_meaning",
                "pinyin": "láng",
                "rhyme_book": "《廣韻》魯當切，平唐來。",
                "meanings": [
                    "〔欴㰠〕贪貌"
                ]
            }
        ],
        "special_entries": []
    },
    {
        "character": "欵",
        "variants": [],
        "synonyms": [
            "款"
        ],
        "definitions": [],
        "special_entries": []
    },
    {
        "character": "欶",
        "variants": [],
        "synonyms": [],
        "definitions": [
            {
                "type": "multi_sound_single_meaning",
                "pinyin": "shuò",
                "rhyme_book": "《廣韻》所角切，入覺生。屋部。",
                "meanings": [
                    "吮吸；饮"
                ]
            },
            {
                "type": "multi_sound_single_meaning",
                "pinyin": "sòu",
                "rhyme_book": "《廣韻》蘇奏切，去候心。",
                "meanings": [
                    "同“嗽”"
                ]
            }
        ],
        "special_entries": []
    },
    {
        "character": "欷",
        "variants": [],
        "synonyms": [],
        "definitions": [
            {
                "type": "single_sound_single_meaning",
                "pinyin": "xī",
                "rhyme_book": "《廣韻》香衣切，平微曉。又許既切。微部。",
                "meanings": [
                    "叹息；抽泣"
                ]
            }
        ],
        "special_entries": []
    },
    {
        "character": "欸",
        "variants": [],
        "synonyms": [],
        "definitions": [
            {
                "type": "multi_sound_multi_meaning",
                "pinyin": "āi",
                "rhyme_book": "《廣韻》烏開切，平咍影。又於改切。之部。",
                "meanings": [
                    "大声呵斥",
                    "叹息",
                    "应答声，表示同意"
                ]
            },
            {
                "type": "multi_sound_single_meaning",
                "pinyin": "ǎi",
                "rhyme_book": null,
                "meanings": [
                    "〔欸乃〕摇橹声"
                ]
            },
            {
                "type": "multi_sound_single_meaning",
                "pinyin": "xiè",
                "rhyme_book": "《廣韻》許介切，去怪曉。",
                "meanings": [
                    "同“譮”"
                ]
            },
            {
                "type": "multi_sound_single_meaning",
                "pinyin": "ēi）",
                "rhyme_book": null,
                "meanings": [
                    "叹词"
                ]
            },
            {
                "type": "multi_sound_single_meaning",
                "pinyin": "éi）",
                "rhyme_book": null,
                "meanings": [
                    "叹词"
                ]
            },
            {
                "type": "multi_sound_single_meaning",
                "pinyin": "ěi）",
                "rhyme_book": null,
                "meanings": [
                    "叹词"
                ]
            },
            {
                "type": "multi_sound_single_meaning",
                "pinyin": "èi）",
                "rhyme_book": null,
                "meanings": [
                    "叹词"
                ]
            }
        ],
        "special_entries": []
    },
    {
        "character": "欹",
        "variants": [],
        "synonyms": [
            "攲"
        ],
        "definitions": [],
        "special_entries": []
    },
    {
        "character": "欺",
        "variants": [],
        "synonyms": [],
        "definitions": [
            {
                "type": "single_sound_multi_meaning",
                "pinyin": "qī",
                "rhyme_book": "《廣韻》去其切，平之溪。之部。",
                "meanings": [
                    "骗；欺诈",
                    "欺压；欺负",
                    "压倒；胜过",
                    "误",
                    "丑"
                ]
            }
        ],
        "special_entries": []
    },
    {
        "character": "欻",
        "variants": [],
        "synonyms": [],
        "definitions": [
            {
                "type": "multi_sound_multi_meaning",
                "pinyin": "xū",
                "rhyme_book": "《廣韻》許勿切，入物曉。術部。",
                "meanings": [
                    "有所吹起",
                    "突然；迅疾",
                    "闪现",
                    "象声词",
                    "副词"
                ]
            },
            {
                "type": "multi_sound_single_meaning",
                "pinyin": "chuā",
                "rhyme_book": null,
                "meanings": [
                    "象声词"
                ]
            }
        ],
        "special_entries": []
    },
    {
        "character": "欼",
        "variants": [],
        "synonyms": [],
        "definitions": [
            {
                "type": "multi_sound_single_meaning",
                "pinyin": "chǐ",
                "rhyme_book": "《廣韻》初紀切，上止初。",
                "meanings": [
                    "同“𠭋”"
                ]
            },
            {
                "type": "multi_sound_single_meaning",
                "pinyin": "chuài",
                "rhyme_book": "《集韻》楚快切，去夬初。",
                "meanings": [
                    "同“嘬”"
                ]
            }
        ],
        "special_entries": []
    },
    {
        "character": "欽",
        "variants": [],
        "synonyms": [],
        "definitions": [
            {
                "type": "multi_sound_multi_meaning",
                "pinyin": "qīn",
                "rhyme_book": "《廣韻》去金切，平侵溪。侵部。",
                "meanings": [
                    "疲倦时张口打呵欠的样子",
                    "敬佩；仰慕",
                    "封建时代对皇帝所行之事的敬称",
                    "姓",
                    "点头；摇头",
                    "下巴上曲貌",
                    "陈设",
                    "兴；作",
                    "送死者的明器",
                    "盛怒貌",
                    "淤塞",
                    "兴喜",
                    "同“嵌”",
                    "山势高峻，高险"
                ]
            },
            {
                "type": "multi_sound_single_meaning",
                "pinyin": "qìn",
                "rhyme_book": null,
                "meanings": [
                    "按"
                ]
            },
            {
                "type": "multi_sound_single_meaning",
                "pinyin": "yín",
                "rhyme_book": "《集韻》魚音切，平侵疑。侵部。",
                "meanings": [
                    "吟咏；吟诵",
                    "叹息；呻吟",
                    "鸣；啼",
                    "古代诗歌体裁的一种",
                    "语吃声音不清",
                    "弹奏古琴指法之一",
                    "姓",
                    "〔噤吟〕下巴下垂经常闭不住口的样子",
                    "口闭",
                    "闭，关闭",
                    "闷",
                    "寒而闭口",
                    "因受寒而身体颤抖"
                ]
            }
        ],
        "special_entries": []
    },
    {
        "character": "款",
        "variants": [],
        "synonyms": [],
        "definitions": [
            {
                "type": "multi_sound_multi_meaning",
                "pinyin": "kuǎn",
                "rhyme_book": "《廣韻》苦管切，上緩溪。元部。",
                "meanings": [
                    "意有所欲",
                    "亲爱；亲密",
                    "诚恳；衷心",
                    "议和；讲和",
                    "臣服；归附",
                    "招待；款待",
                    "留；歇息",
                    "缓慢",
                    "至；到达",
                    "款式；规格；样子",
                    "条目；分项列举的事项",
                    "钱财；经费",
                    "重",
                    "空",
                    "钟鼎彝器上铸刻的文字",
                    "击；敲"
                ]
            },
            {
                "type": "multi_sound_single_meaning",
                "pinyin": "xīn",
                "rhyme_book": "《集韻》許斤切，平欣曉。",
                "meanings": [
                    "人名用字"
                ]
            }
        ],
        "special_entries": []
    },
    {
        "character": "欿",
        "variants": [],
        "synonyms": [],
        "definitions": [
            {
                "type": "multi_sound_multi_meaning",
                "pinyin": "kǎn",
                "rhyme_book": "《集韻》苦感切，上感溪。又",
                "meanings": [
                    "贪；贪欲",
                    "自感不足；不自满足",
                    "忧愁貌",
                    "同“坎”"
                ]
            },
            {
                "type": "multi_sound_single_meaning",
                "pinyin": "qiàn",
                "rhyme_book": null,
                "meanings": [
                    "方言"
                ]
            },
            {
                "type": "multi_sound_single_meaning",
                "pinyin": "dàn",
                "rhyme_book": "《〈左傳〉杜預注》大感切。談部。",
                "meanings": [
                    "〔坎欿〕古地名"
                ]
            }
        ],
        "special_entries": []
    },
    {
        "character": "歀",
        "variants": [],
        "synonyms": [
            "款"
        ],
        "definitions": [],
        "special_entries": []
    },
    {
        "character": "歁",
        "variants": [],
        "synonyms": [],
        "definitions": [
            {
                "type": "multi_sound_multi_meaning",
                "pinyin": "kǎn",
                "rhyme_book": "《廣韻》苦感切，上感溪。侵部。",
                "meanings": [
                    "食未饱",
                    "贪",
                    "坑"
                ]
            },
            {
                "type": "multi_sound_multi_meaning",
                "pinyin": "kè",
                "rhyme_book": "《廣韻》口荅切，入合溪。",
                "meanings": [
                    "〔歁歞〕痴貌",
                    "意不满"
                ]
            },
            {
                "type": "multi_sound_single_meaning",
                "pinyin": "qiǎn",
                "rhyme_book": "《集韻》丘檢切，上琰溪。",
                "meanings": [
                    "意不掩"
                ]
            }
        ],
        "special_entries": []
    },
    {
        "character": "歂",
        "variants": [],
        "synonyms": [],
        "definitions": [
            {
                "type": "multi_sound_single_meaning",
                "pinyin": "chuǎn",
                "rhyme_book": "《廣韻》市兖切，上獮禪。又",
                "meanings": [
                    "《集韻》尺兖切",
                    "同“喘”"
                ]
            },
            {
                "type": "multi_sound_single_meaning",
                "pinyin": "chuán",
                "rhyme_book": "《廣韻》市緣切，平仙禪。元部。",
                "meanings": [
                    "姓"
                ]
            }
        ],
        "special_entries": []
    },
    {
        "character": "歃",
        "variants": [],
        "synonyms": [],
        "definitions": [
            {
                "type": "multi_sound_single_meaning",
                "pinyin": "shà",
                "rhyme_book": "《廣韻》山洽切，入洽生。又山輒切。盍部。",
                "meanings": [
                    "饮血，古人盟会时，微饮牲血，或含于口中，或涂于口旁，以示诚意"
                ]
            },
            {
                "type": "multi_sound_single_meaning",
                "pinyin": "xiá",
                "rhyme_book": "《集韻》迄洽切，入洽曉。",
                "meanings": [
                    "同“𦦕”"
                ]
            }
        ],
        "special_entries": []
    },
    {
        "character": "歄",
        "variants": [],
        "synonyms": [],
        "definitions": [
            {
                "type": "single_sound_single_meaning",
                "pinyin": "guā",
                "rhyme_book": "《廣韻》古蛙切，平佳見。",
                "meanings": [
                    "〔歄𣢉〕微弱貌"
                ]
            }
        ],
        "special_entries": []
    },
    {
        "character": "歅",
        "variants": [],
        "synonyms": [],
        "definitions": [
            {
                "type": "single_sound_multi_meaning",
                "pinyin": "īn",
                "rhyme_book": "《廣韻》於真切，平真影。",
                "meanings": [
                    "人名",
                    "沉没；没落",
                    "堵塞"
                ]
            }
        ],
        "special_entries": []
    },
    {
        "character": "歆",
        "variants": [],
        "synonyms": [],
        "definitions": [
            {
                "type": "single_sound_multi_meaning",
                "pinyin": "xīn",
                "rhyme_book": "《廣韻》許金切，平侵曉。侵部。",
                "meanings": [
                    "古谓祭祀时鬼神享受祭品的香气",
                    "用食品招待（宾客）",
                    "贪",
                    "喜爱；喜悦",
                    "悦服；心服",
                    "欣羡；钦羡",
                    "感动；激励"
                ]
            }
        ],
        "special_entries": []
    },
    {
        "character": "歇",
        "variants": [],
        "synonyms": [],
        "definitions": [
            {
                "type": "multi_sound_multi_meaning",
                "pinyin": "xiē",
                "rhyme_book": "《廣韻》許竭切，入月曉。月部。",
                "meanings": [
                    "休息",
                    "停止",
                    "竭；尽",
                    "睡；住宿",
                    "凋零；衰败",
                    "（气味）散发、消散",
                    "量词",
                    "〔歇驕〕也作“猲獢”"
                ]
            },
            {
                "type": "multi_sound_single_meaning",
                "pinyin": "yà",
                "rhyme_book": "《集韻》乙轄切，入舝曉。",
                "meanings": [
                    "人名"
                ]
            }
        ],
        "special_entries": []
    },
    {
        "character": "歈",
        "variants": [],
        "synonyms": [],
        "definitions": [
            {
                "type": "single_sound_single_meaning",
                "pinyin": "yú",
                "rhyme_book": "《廣韻》羊朱切，平虞以。又度侯切。侯部。",
                "meanings": [
                    "歌谣，*吴*歌、*巴*曲专名"
                ]
            }
        ],
        "special_entries": []
    },
    {
        "character": "歉",
        "variants": [],
        "synonyms": [],
        "definitions": [
            {
                "type": "single_sound_multi_meaning",
                "pinyin": "qiàn",
                "rhyme_book": "《廣韻》口陷切，去陷溪。又苦減切，苦簟切。談部。",
                "meanings": [
                    "饿；吃不饱",
                    "谷物收成不好",
                    "少；缺少；不足",
                    "坏；歹",
                    "抱愧",
                    "喙",
                    "同“慊”",
                    "用同“牽（qiān）”"
                ]
            }
        ],
        "special_entries": []
    },
    {
        "character": "歊",
        "variants": [],
        "synonyms": [],
        "definitions": [
            {
                "type": "single_sound_multi_meaning",
                "pinyin": "xiāo",
                "rhyme_book": "《廣韻》許嬌切，平宵曉。又火酷切。宵部。",
                "meanings": [
                    "气上升",
                    "热气；炎热",
                    "嚣"
                ]
            }
        ],
        "special_entries": []
    },
    {
        "character": "歋",
        "variants": [],
        "synonyms": [],
        "definitions": [
            {
                "type": "single_sound_single_meaning",
                "pinyin": "yé",
                "rhyme_book": "《廣韻》弋支切，平支以。又",
                "meanings": [
                    "《集韻》余遮切",
                    "〔歋歈〕也作“歋瘉”、“擨歈”"
                ]
            }
        ],
        "special_entries": []
    },
    {
        "character": "歌",
        "variants": [],
        "synonyms": [],
        "definitions": [
            {
                "type": "single_sound_multi_meaning",
                "pinyin": "gē",
                "rhyme_book": "《廣韻》古俄切，平歌見。歌部。",
                "meanings": [
                    "按一定的乐曲或节拍咏唱",
                    "歌谣",
                    "奏乐",
                    "古代诗歌体裁之一",
                    "颂扬；歌颂",
                    "古乐器名",
                    "中医学名词",
                    "姓"
                ]
            }
        ],
        "special_entries": []
    },
    {
        "character": "歍",
        "variants": [],
        "synonyms": [],
        "definitions": [
            {
                "type": "multi_sound_multi_meaning",
                "pinyin": "wū",
                "rhyme_book": "《廣韻》哀都切，平模影。魚部。",
                "meanings": [
                    "作呕；恶心",
                    "呕吐",
                    "呵气"
                ]
            },
            {
                "type": "multi_sound_single_meaning",
                "pinyin": "yāng",
                "rhyme_book": "《古音獵要》音鴦。",
                "meanings": [
                    "〔歍唈〕也作“嗚邑”、“嗚咽”"
                ]
            }
        ],
        "special_entries": []
    },
    {
        "character": "歎",
        "variants": [],
        "synonyms": [],
        "definitions": [
            {
                "type": "single_sound_multi_meaning",
                "pinyin": "tàn",
                "rhyme_book": "《廣韻》他旦切，去翰透。元部。",
                "meanings": [
                    "吟诵",
                    "赞和",
                    "称美；赞许",
                    "古代诗歌体裁之一",
                    "同“嘆”",
                    "姓"
                ]
            }
        ],
        "special_entries": []
    },
    {
        "character": "歏",
        "variants": [],
        "synonyms": [],
        "definitions": [
            {
                "type": "multi_sound_single_meaning",
                "pinyin": "jìn",
                "rhyme_book": "《廣韻》渠遴切，去震羣。",
                "meanings": [
                    "张口舒气"
                ]
            },
            {
                "type": "multi_sound_single_meaning",
                "pinyin": "qūn",
                "rhyme_book": "《玉篇》丘云切。",
                "meanings": [
                    "气盛"
                ]
            }
        ],
        "special_entries": []
    },
    {
        "character": "歐",
        "variants": [],
        "synonyms": [],
        "definitions": [
            {
                "type": "multi_sound_single_meaning",
                "pinyin": "ǒu",
                "rhyme_book": "《廣韻》烏后切，上厚影。侯部。",
                "meanings": [
                    "同“嘔”"
                ]
            },
            {
                "type": "multi_sound_multi_meaning",
                "pinyin": "ōu",
                "rhyme_book": "《廣韻》烏侯切，平侯影。",
                "meanings": [
                    "同“謳”",
                    "*欧洲*的简称",
                    "姓",
                    "击打；用棰杖击打",
                    "用同“嘔（ǒu）”",
                    "用同“慪（òu）”",
                    "同“歐”",
                    "〔毆蛇〕*春秋**鲁国*地名",
                    "同“驅”",
                    "母亲",
                    "妇女的通称"
                ]
            }
        ],
        "special_entries": []
    },
    {
        "character": "歑",
        "variants": [],
        "synonyms": [],
        "definitions": [
            {
                "type": "single_sound_multi_meaning",
                "pinyin": "hū",
                "rhyme_book": "《廣韻》荒烏切，平模曉。魚部。",
                "meanings": [
                    "呵气；出气",
                    "〔歍歑〕同“嗚呼”"
                ]
            }
        ],
        "special_entries": []
    },
    {
        "character": "歒",
        "variants": [],
        "synonyms": [],
        "definitions": [
            {
                "type": "multi_sound_single_meaning",
                "pinyin": "tì",
                "rhyme_book": "《集韻》他歷切，入錫透。",
                "meanings": [
                    "〔歒赥〕小儿喜笑貌"
                ]
            },
            {
                "type": "multi_sound_single_meaning",
                "pinyin": "xiāo",
                "rhyme_book": "《龍龕手鑑》許喬反。",
                "meanings": [
                    "同“歊”"
                ]
            }
        ],
        "special_entries": []
    },
    {
        "character": "歓",
        "variants": [],
        "synonyms": [
            "歡"
        ],
        "definitions": [],
        "special_entries": []
    },
    {
        "character": "歔",
        "variants": [],
        "synonyms": [],
        "definitions": [
            {
                "type": "single_sound_multi_meaning",
                "pinyin": "xū",
                "rhyme_book": "《廣韻》朽居切，平魚曉。魚部。",
                "meanings": [
                    "哽咽；抽泣",
                    "呵气以温物"
                ]
            }
        ],
        "special_entries": []
    },
    {
        "character": "歕",
        "variants": [],
        "synonyms": [
            "噴"
        ],
        "definitions": [],
        "special_entries": []
    },
    {
        "character": "歖",
        "variants": [],
        "synonyms": [],
        "definitions": [
            {
                "type": "multi_sound_single_meaning",
                "pinyin": "xǐ",
                "rhyme_book": "《玉篇》欣里切。之部。",
                "meanings": [
                    "同“喜”"
                ]
            },
            {
                "type": "multi_sound_single_meaning",
                "pinyin": "yǐ",
                "rhyme_book": "《集韻》隱几切，上旨影。",
                "meanings": [
                    "〔歖㰳〕也作“㰻㰳”"
                ]
            }
        ],
        "special_entries": []
    },
    {
        "character": "歗",
        "variants": [],
        "synonyms": [
            "嘯"
        ],
        "definitions": [],
        "special_entries": []
    },
    {
        "character": "歘",
        "variants": [],
        "synonyms": [
            "欻"
        ],
        "definitions": [],
        "special_entries": []
    },
    {
        "character": "歙",
        "variants": [],
        "synonyms": [],
        "definitions": [
            {
                "type": "multi_sound_multi_meaning",
                "pinyin": "xī",
                "rhyme_book": "《廣韻》許及切，入緝曉。緝部。",
                "meanings": [
                    "用鼻吸气",
                    "收敛；敛藏",
                    "船近岸",
                    "同“翕”"
                ]
            },
            {
                "type": "multi_sound_multi_meaning",
                "pinyin": "shè",
                "rhyme_book": "《廣韻》書涉切，入葉書。",
                "meanings": [
                    "*江西省**婺源县*（原属*安徽省*）*歙溪*所产砚石——“歙砚”的简称",
                    "用同“攝”",
                    "县名"
                ]
            },
            {
                "type": "multi_sound_multi_meaning",
                "pinyin": "xié",
                "rhyme_book": "《集韻》虚涉切，入葉曉。",
                "meanings": [
                    "收缩",
                    "惧貌"
                ]
            }
        ],
        "special_entries": []
    },
    {
        "character": "歛",
        "variants": [],
        "synonyms": [],
        "definitions": [
            {
                "type": "multi_sound_multi_meaning",
                "pinyin": "hān",
                "rhyme_book": "《廣韻》呼談切，平談曉。",
                "meanings": [
                    "欲念",
                    "给与；给予",
                    "同“𧵊”"
                ]
            },
            {
                "type": "multi_sound_single_meaning",
                "pinyin": "liǎn",
                "rhyme_book": null,
                "meanings": [
                    "用同“斂”"
                ]
            }
        ],
        "special_entries": []
    },
    {
        "character": "歜",
        "variants": [],
        "synonyms": [],
        "definitions": [
            {
                "type": "multi_sound_multi_meaning",
                "pinyin": "chù",
                "rhyme_book": "《廣韻》尺玉切，入燭昌。屋部。",
                "meanings": [
                    "盛怒",
                    "气浓盛"
                ]
            },
            {
                "type": "multi_sound_single_meaning",
                "pinyin": "zàn",
                "rhyme_book": "《廣韻》徂感切，上感以。侵部。",
                "meanings": [
                    "切断的菖蒲根"
                ]
            }
        ],
        "special_entries": []
    },
    {
        "character": "歝",
        "variants": [],
        "synonyms": [
            "斁"
        ],
        "definitions": [],
        "special_entries": []
    },
    {
        "character": "歞",
        "variants": [],
        "synonyms": [],
        "definitions": [
            {
                "type": "single_sound_single_meaning",
                "pinyin": "è",
                "rhyme_book": "《集韻》鄂合切，入合疑。",
                "meanings": [
                    "〔歁歞〕见“歁（kè）”"
                ]
            }
        ],
        "special_entries": []
    },
    {
        "character": "歟",
        "variants": [],
        "synonyms": [],
        "definitions": [
            {
                "type": "single_sound_single_meaning",
                "pinyin": "yú",
                "rhyme_book": "《廣韻》以諸切，平魚以。又余吕切，羊洳切。魚部。",
                "meanings": [
                    "语气词"
                ]
            }
        ],
        "special_entries": []
    },
    {
        "character": "歠",
        "variants": [],
        "synonyms": [],
        "definitions": [
            {
                "type": "single_sound_multi_meaning",
                "pinyin": "chuò",
                "rhyme_book": "《廣韻》昌悦切，入薛昌。月部。",
                "meanings": [
                    "饮；喝",
                    "指羹汤之类"
                ]
            }
        ],
        "special_entries": []
    },
    {
        "character": "歡",
        "variants": [],
        "synonyms": [],
        "definitions": [
            {
                "type": "single_sound_multi_meaning",
                "pinyin": "huān",
                "rhyme_book": "《廣韻》呼官切，平桓曉。元部。",
                "meanings": [
                    "欢乐",
                    "交好；友好",
                    "古时男女相爱，对情人的称呼",
                    "方言",
                    "古方言",
                    "指饮食",
                    "勉励；奖励",
                    "劝说；劝告",
                    "努力",
                    "助",
                    "姓"
                ]
            }
        ],
        "special_entries": []
    }
]