character,meanings_vec_average
䵇,"[-0.2269  0.0118  0.4969  0.0072  0.2979 -0.316  -0.1089 -0.0706 -0.2848
  0.3015  0.0389  0.1382  0.1488  0.1236  0.1102 -0.1197 -0.0766  0.0163
  0.019   0.2487  0.0241  0.1099  0.4986  0.1181  0.3264  0.0125  0.0955
 -0.1983 -0.1075 -0.036  -0.2511 -0.2159 -0.0332 -0.0076 -0.0597  0.2081
 -0.204  -0.2007  0.0145  0.0911 -0.0165  0.0028  0.2062 -0.1891  0.2898
  0.0406 -0.2217  0.0161  0.0278 -0.2266  0.1615  0.3023 -0.071   0.3805
 -0.0182  0.0179 -0.2334 -0.3721 -0.2284 -0.0578  0.0491  0.1015  0.1154
 -0.1538  0.0286  0.1026 -0.3424 -0.0174  0.0986  0.106  -0.429   0.1437
  0.1656  0.302   0.0189 -0.3095  0.034   0.0277 -0.0703 -0.0785 -0.0916
  0.1055  0.0224 -0.011  -0.3155 -0.1556  0.1949  0.442   0.0568  0.119
 -0.0535  0.127   0.3153 -0.2458  0.0261  0.0277  0.078   0.2118 -0.0464
 -0.2099 -0.1403  0.0105  0.0313 -0.0453  0.031   0.1328  0.0633  0.0583
 -0.0458 -0.0015  0.1111  0.0391 -0.3982 -0.2086 -0.3257 -0.1182  0.0135
  0.1137 -0.1206 -0.3055  0.1866 -0.1882 -0.211  -0.1438  0.0943  0.1687
  0.2779  0.0808  0.09    0.1893 -0.4289 -0.1923  0.1847 -0.1077  0.2585
  0.1667  0.4348  0.1746 -0.0133 -0.0076 -0.1639  0.2329 -0.2519 -0.1194
  0.0958  0.0959 -0.049   0.2052 -0.1503 -0.0636  0.163  -0.1717 -0.4422
 -0.0591 -0.2702  0.0697 -0.0017 -0.095   0.0687  0.1187 -0.2187 -0.1939
  0.054  -0.0449 -0.1349  0.1442  0.0851  0.0208 -0.129   0.1543  0.1519
 -0.0737 -0.0605 -0.0687 -0.0096 -0.0897 -0.2431 -0.0923 -0.4181 -0.1906
  0.0988 -0.4153 -0.0032 -0.3106 -0.0098 -0.0603 -0.1177  0.1518 -0.1424
  0.3063  0.0479 -0.1197 -0.0249  0.0548 -0.2672 -0.208   0.1149 -0.1025
  0.2101 -0.0266 -0.0276  0.0082 -0.0173  0.0967 -0.0203  0.0864  0.269
 -0.0743 -0.2697  0.0028  0.0809 -0.0558 -0.2976 -0.0114  0.1106  0.0285
  0.104   0.1897 -0.0081  0.2168  0.3242  0.3105  0.0463  0.2325  0.0085
  0.2576 -0.3431 -0.2919  0.0373  0.4575  0.3599  0.892  -0.2078 -0.1763
 -0.0756  0.0141 -0.2207  0.1726  0.1588 -0.0477  0.0813 -0.2386 -0.0977
  0.1623 -0.0587  0.0129  0.0677  0.1301 -0.2138  0.3712 -0.1422  0.0528
 -0.0945  0.1007  0.3083 -0.1005  0.0517 -0.0652  0.0666 -0.1503 -0.2105
  0.0528 -0.0394 -0.0751 -0.1105  0.1635  0.0951 -0.098   0.0644  0.0169
  0.1309 -0.0724 -0.1153  0.1118 -0.1508  0.1028  0.0185  0.0542  0.0643
 -0.0246 -0.3517  0.5364 -0.0305  0.3515  0.2539  0.1033 -0.044   0.1706
  0.0395 -0.0136 -0.163  -0.1615 -0.2028 -0.3408 -0.2582  0.2475 -0.0317
  0.0739  0.2299  0.1074]"
䵈,"[-3.72499973e-02  3.77500020e-02  2.16450021e-01 -8.95166621e-02
 -3.64999846e-03 -8.32333341e-02 -4.94833328e-02 -5.91166615e-02
 -1.32733330e-01  7.71999955e-02 -8.10500011e-02  1.29666664e-02
 -1.01000005e-02  9.20000076e-02 -2.33166665e-02  1.83933333e-01
 -1.74000010e-01  2.98666656e-02  8.07333291e-02  1.67083323e-01
 -6.28333315e-02  1.20966673e-01 -8.86500105e-02  1.69833340e-02
  7.09833279e-02  1.05583332e-01  1.81166664e-01  1.61166638e-02
  1.85166672e-02  6.73166662e-02 -8.80166665e-02 -1.05083339e-01
  6.96999952e-02  1.05650000e-01  2.18949988e-01  1.77500006e-02
  7.91666731e-02 -1.73166677e-01 -5.31333275e-02 -3.51000018e-02
  1.41350001e-01 -5.88833280e-02  9.84499976e-02 -9.30000003e-03
 -5.10500036e-02 -9.71666649e-02  1.15399994e-01 -1.00933336e-01
  2.46166680e-02 -7.55333379e-02  7.94166625e-02 -4.58833389e-02
 -1.10666670e-01 -3.13966662e-01 -1.07633330e-01  7.94166699e-02
  4.83666658e-02 -2.13866666e-01  6.76333383e-02 -7.20333308e-02
  4.77333330e-02  1.54166669e-02  4.49997693e-04  4.28166687e-02
  8.20666626e-02 -8.52999985e-02  3.02666649e-02 -1.13616668e-01
 -4.24499959e-02  2.15999987e-02 -8.57500061e-02  5.10999970e-02
 -6.44833371e-02 -1.36333322e-02  6.49833307e-02 -6.10166639e-02
 -1.17350005e-01  6.05833344e-02  9.11666919e-03  3.48666646e-02
  6.90166727e-02 -5.27333319e-02  1.41500086e-02 -1.03566669e-01
  1.72383323e-01 -2.67766684e-01  7.95833319e-02  2.26999987e-02
 -1.86833348e-02  1.01966672e-01 -2.06583336e-01  2.36666650e-02
  1.97883323e-01  1.01099998e-01 -6.72333315e-02  5.65166622e-02
 -6.23166598e-02 -8.89166668e-02 -4.35499996e-02  8.70666727e-02
 -2.96833366e-02 -1.07266665e-01 -3.79666649e-02  3.71666742e-03
  2.18333285e-02  6.03666715e-02 -1.04116671e-01  2.89999810e-03
 -3.83500047e-02 -3.06666698e-02 -2.82500014e-02 -1.04616664e-01
 -1.73166674e-02 -4.91999984e-02  5.46666747e-03  3.40166651e-02
 -5.26000001e-02 -6.28166720e-02 -1.12583339e-01 -1.35116667e-01
  1.38733327e-01  5.69666661e-02 -3.18666697e-02 -1.14133336e-01
  2.49666646e-02 -1.67016670e-01  1.50499986e-02  5.39166667e-02
 -1.80700004e-01 -1.69266656e-01 -1.22500002e-01 -1.46666670e-03
  6.44999743e-03  5.34833334e-02  5.15833348e-02  1.15166707e-02
  4.21666652e-02  7.18166679e-02 -3.02499980e-02 -1.52433336e-01
  6.41666679e-03  1.29999965e-03 -8.24999884e-02  3.99333350e-02
  1.95500012e-02 -5.99995255e-04 -5.91833331e-02 -1.48216665e-01
 -3.59833352e-02 -4.93333256e-03 -1.56866655e-01 -1.73999965e-02
  7.02833384e-02  1.02800004e-01 -1.81400001e-01  4.31666756e-03
  1.20333331e-02 -3.97000015e-02 -1.38999997e-02  2.60666665e-02
  4.14499976e-02 -1.88500006e-02 -1.21266663e-01 -5.64999878e-03
  8.58333427e-03  7.08666667e-02  6.09833300e-02 -7.94999972e-02
  3.50000001e-02  1.11716665e-01 -6.41999990e-02 -4.93166633e-02
  8.31833407e-02  1.86933339e-01  1.03816658e-01 -3.32166664e-02
 -1.92000009e-02 -1.13400005e-01 -1.16966665e-01  4.62999977e-02
  7.20666721e-02 -3.35983366e-01  8.11500028e-02  1.67249992e-01
  1.04050003e-01 -3.20166685e-02  7.39333257e-02  4.73666638e-02
 -2.05066666e-01  3.81316662e-01  1.78166758e-02  6.00000203e-04
 -1.76016673e-01  3.82000022e-02 -5.08833341e-02 -6.96333274e-02
 -8.91666673e-03  7.06833303e-02 -8.08499977e-02 -1.05183333e-01
  6.86333403e-02 -3.35333347e-02  2.28166636e-02  5.16999997e-02
 -6.97999969e-02 -1.55666666e-02 -1.68916658e-01  1.30433336e-01
  3.27166654e-02 -2.01166663e-02 -4.73666675e-02  2.55333353e-02
  1.84666663e-02 -1.54833272e-02 -4.52166647e-02  1.53666670e-02
 -2.88333297e-02 -5.25000086e-03 -1.56783327e-01  6.91666678e-02
  1.20799996e-01 -1.27500026e-02  5.29833324e-02 -2.90666614e-02
 -1.51116669e-01  3.32333408e-02 -1.49933338e-01 -1.78699985e-01
 -8.68333410e-03 -4.41499949e-02  7.29999458e-03  8.43233347e-01
  3.62999998e-02  1.64500009e-02 -8.11999962e-02 -5.33166677e-02
 -4.75500040e-02  1.32349998e-01  1.00316666e-01  9.90000088e-03
 -2.52133340e-01  6.36999980e-02 -9.70000029e-03 -6.21999986e-02
  3.66166681e-02 -1.37666641e-02  3.49999964e-03  2.53666639e-02
 -7.46000037e-02  1.89950004e-01 -1.16516672e-01  1.58483341e-01
 -7.77999982e-02 -1.67033330e-01 -8.55333284e-02  1.53200001e-01
 -4.72166650e-02 -8.42833295e-02 -8.92666653e-02  2.63333134e-03
 -5.48000038e-02 -1.20766662e-01 -1.65833328e-02  8.38333182e-03
  2.48166677e-02 -9.11666676e-02 -3.05833314e-02 -4.41333354e-02
 -1.50650010e-01  7.46499971e-02 -6.62666634e-02 -3.35000008e-02
  1.09999999e-02  9.63333249e-02  1.69766665e-01  2.17833295e-02
  5.37833385e-02  1.19549997e-01 -5.69500029e-02 -2.21899986e-01
 -2.48400018e-01  1.62616655e-01  9.02833343e-02 -1.66466668e-01
  1.21216662e-01 -6.47833347e-02 -8.84333327e-02 -8.16499963e-02
  1.23733334e-01  1.51049986e-01 -1.65000018e-02 -5.45833297e-02
  1.88666638e-02  1.73050001e-01  8.77999961e-02 -2.50166655e-02
 -5.18666655e-02 -1.44683346e-01  1.41666830e-03  5.25000179e-03]"
麻,"[-1.10601345e-02 -3.73778492e-02  3.68080884e-01 -1.13246590e-03
 -2.22523939e-02 -3.59305888e-02 -4.47294749e-02 -1.82862841e-02
 -7.27203116e-02  4.18359041e-02 -3.12752090e-02  4.50614579e-02
  1.01453131e-02 -4.04090285e-02  4.79201367e-03  5.43976016e-02
  4.51541319e-02 -1.79291312e-02 -3.16477455e-02  6.15350381e-02
  2.82471869e-02  8.99115652e-02  3.55196856e-02  1.46465600e-02
  5.34103513e-02 -5.84383346e-02 -1.84936486e-02  7.35395961e-03
  4.64684051e-03  1.72682591e-02 -4.58559114e-03 -7.32215941e-02
  8.70830566e-02  6.82378858e-02 -3.12155187e-02  4.32239566e-03
 -4.74671163e-02 -1.87073991e-01  7.35753495e-03  3.61200348e-02
  9.61916521e-03 -1.94173623e-02  4.47374657e-02  4.53635491e-03
 -2.18326226e-03  5.64739965e-02  7.57562071e-02 -8.64513451e-04
  1.11983670e-02 -3.66822258e-02  1.19738560e-02 -1.86718050e-02
 -3.59763913e-02 -8.72808844e-02  5.30827083e-02 -1.20670348e-03
  4.95250784e-02 -1.01566866e-01 -5.66437561e-03 -5.45885749e-02
  5.57254553e-02  1.03176730e-02 -1.82923973e-02 -4.53211814e-02
 -2.68770531e-02 -6.02309704e-02 -3.00455950e-02 -2.58854497e-02
 -1.90451392e-04 -1.34871174e-02 -8.06654468e-02  6.46446869e-02
 -4.65216711e-02  3.54211731e-03 -7.10531231e-03 -8.63975752e-03
  2.46260390e-02 -1.74126737e-02 -7.64936060e-02 -1.25355562e-02
 -4.79042716e-02 -4.77751717e-02  6.05060495e-02 -3.36796865e-02
 -1.80893056e-02 -3.43081653e-02 -3.14558335e-02  2.32076598e-03
  6.69569448e-02  8.60111490e-02 -8.27793479e-02 -2.65219081e-02
  3.67565230e-02  3.11063901e-02  1.29274465e-03  3.82518061e-02
 -2.74048224e-02 -6.39561415e-02  7.75065972e-03  4.56923619e-02
  1.61049981e-02  4.14677784e-02  3.39991339e-02  3.94352786e-02
 -3.91095132e-02  6.25105873e-02 -6.86718524e-03  5.18330857e-02
 -5.59328161e-02  1.69101395e-02 -6.47775605e-02  7.44684134e-03
 -3.62770632e-03 -1.22265965e-02 -1.27551714e-02  3.74885555e-03
  2.11880244e-02 -8.95652827e-03 -1.00741394e-01  2.41627060e-02
  3.57833086e-03  5.47479540e-02 -1.32952128e-02  1.58245154e-02
 -7.35340565e-02  1.79140288e-02 -1.75089240e-02  7.74812419e-03
 -3.69556658e-02 -6.80494756e-02 -1.55769289e-01 -3.65385204e-03
 -7.94573203e-02  1.32691646e-02 -9.50822793e-03 -4.49340232e-03
  3.94915268e-02  4.27502766e-02  4.66348603e-02 -7.26179555e-02
  5.42590618e-02  9.54170525e-02 -2.24994123e-01 -3.52611113e-03
  6.69042021e-02 -2.20922586e-02  2.15624683e-02  4.71055582e-02
  3.51854134e-03  1.12685459e-02 -6.37348890e-02  4.99696434e-02
  1.66036133e-02 -7.96582997e-02 -3.99068333e-02  3.25519107e-02
 -2.90442314e-02 -1.58902779e-02  3.77073549e-02  5.27052656e-02
 -6.74798619e-03 -4.81958175e-03 -6.14361465e-02 -3.18466648e-02
 -2.74114590e-02 -3.32896896e-02  2.05403827e-02 -6.51281625e-02
 -4.42778803e-02  4.56390977e-02 -4.59468774e-02 -1.56146875e-02
 -5.67280874e-02  1.93201043e-02  2.90750107e-03 -8.87208246e-03
  5.97516969e-02 -1.05322581e-02 -1.07341722e-01  4.23198566e-02
  4.56456617e-02 -1.28522754e-01  2.08078101e-02  2.62737498e-02
  3.52631602e-03  5.80507144e-03 -3.19466330e-02  6.30410761e-02
 -3.28393765e-02  3.08762312e-01  1.59490295e-02 -7.24538462e-03
 -5.44331931e-02  1.75538864e-02 -7.34656602e-02 -5.08676060e-02
  6.16554543e-02  1.20920157e-02  2.67713871e-02 -4.46607322e-02
  5.94255961e-02  2.54391301e-02  1.00235753e-02 -5.06199300e-02
 -2.74973251e-02 -6.43614400e-03 -1.31619304e-01  1.57309752e-02
 -3.96536142e-02 -1.33273937e-02  7.75846168e-02 -7.65756704e-03
  4.18763701e-03 -3.22891623e-02 -2.71185078e-02  3.62318754e-02
  2.24733688e-02 -8.34029634e-05 -4.20542359e-02  2.98077762e-02
  1.71478502e-02 -5.99937327e-03  7.27203116e-02  7.74363950e-02
  4.26196828e-02  5.16221859e-02 -4.83924672e-02 -4.83318791e-02
  6.62301779e-02  9.12581235e-02  1.20254504e-02  7.78507233e-01
  4.23345119e-02 -5.14306128e-04  2.04996439e-03  7.77937332e-03
 -2.32967362e-02  4.82009724e-02  5.78793064e-02  2.03384720e-02
 -6.29314259e-02  2.89063212e-02  6.37496822e-03 -5.16920500e-02
 -5.33309355e-02 -3.20437849e-02 -1.02352090e-02  1.39159791e-03
  4.74771019e-03 -2.22358350e-02  1.83611829e-02  5.70548624e-02
 -3.15729156e-02 -4.08421867e-02 -1.07578367e-01  2.56143771e-02
  1.35658700e-02  4.69936468e-02 -4.43856604e-02  1.88036468e-02
 -9.33332369e-04 -1.93587877e-02 -6.36059716e-02 -3.49647598e-05
 -4.63102423e-02  4.13658693e-02  3.70232277e-02  8.09246600e-02
 -6.07145876e-02  3.42483371e-02  3.46839614e-02 -1.28907654e-02
  8.92836079e-02  1.43600442e-03  1.06018428e-02 -3.99460085e-02
 -2.43891664e-02  4.68934067e-02 -2.83819456e-02 -4.46663536e-02
 -3.61448735e-01  1.75118789e-01 -5.41826040e-02 -1.07776016e-01
  2.66825333e-02  7.09142443e-03 -6.83487579e-02 -1.17394794e-02
  2.97054499e-02  7.03656301e-02  8.12190957e-03  5.73085770e-02
  1.87679548e-02  3.69237848e-02  4.58199270e-02 -3.32204215e-02
 -8.91287178e-02 -8.56590271e-02  4.10005562e-02 -3.93490307e-02]"
麻,"[-1.818e-01 -2.842e-01  5.680e-01  1.751e-01 -3.163e-01 -1.102e-01
 -1.467e-01 -1.103e-01 -3.343e-01  5.180e-02  3.900e-03  8.380e-02
  1.303e-01 -1.440e-02  4.190e-02  1.680e-02  2.217e-01 -6.000e-02
 -1.174e-01  2.033e-01  6.900e-02  2.704e-01  8.810e-02 -7.440e-02
  6.160e-02 -5.210e-02 -2.168e-01  1.318e-01  1.096e-01 -9.010e-02
  5.310e-02 -2.040e-02  1.878e-01  3.000e-04 -1.774e-01  5.780e-02
 -7.400e-02 -2.974e-01  1.012e-01  2.460e-02 -7.600e-03  1.055e-01
  1.636e-01 -5.170e-02  1.643e-01 -9.400e-03 -1.208e-01  1.305e-01
  1.046e-01 -2.622e-01 -2.594e-01 -2.436e-01  1.684e-01  3.875e-01
  2.096e-01 -3.910e-02  1.880e-02 -1.080e-01  1.626e-01 -2.968e-01
 -6.450e-02  1.207e-01  2.450e-02 -4.744e-01  1.037e-01 -1.890e-01
 -2.146e-01  1.556e-01  1.699e-01  5.400e-03 -1.621e-01 -1.270e-02
 -3.880e-02  3.690e-02  3.300e-02  1.424e-01  4.300e-03  5.910e-02
 -1.420e-02 -1.696e-01  7.470e-02 -2.762e-01  5.400e-02  3.492e-01
 -1.613e-01 -6.780e-02 -1.255e-01 -1.561e-01  7.170e-02  2.854e-01
 -6.210e-02 -2.381e-01  3.440e-02 -1.150e-02  3.219e-01  1.669e-01
  7.710e-02 -2.311e-01  4.440e-02 -5.640e-02 -1.009e-01 -7.900e-03
  1.181e-01  6.640e-02  3.690e-02 -3.090e-02  7.370e-02  6.100e-02
 -2.148e-01 -1.775e-01  2.880e-02 -3.780e-02  2.840e-02  6.730e-02
 -1.165e-01  2.030e-02  4.700e-03  7.400e-03 -2.561e-01  2.730e-01
  5.850e-02  2.411e-01 -7.260e-02  1.445e-01 -1.381e-01  3.257e-01
  2.131e-01  9.190e-02  1.303e-01 -1.495e-01 -4.641e-01  1.023e-01
 -2.150e-02 -1.010e-02 -1.990e-02 -4.380e-02  7.500e-03 -3.670e-02
  4.520e-02 -1.305e-01  1.370e-01  1.719e-01  6.000e-04  8.960e-02
  1.899e-01  1.090e-02 -1.850e-02  1.886e-01  7.470e-02  5.970e-02
 -2.414e-01 -4.170e-02  5.270e-02 -2.550e-02  1.252e-01 -3.410e-02
  8.230e-02  1.000e-04  2.298e-01 -1.794e-01 -1.590e-02 -4.700e-03
 -2.150e-02 -1.201e-01  1.575e-01 -1.957e-01  1.110e-01 -3.091e-01
 -2.285e-01  5.580e-02 -2.516e-01 -4.720e-02 -4.330e-02  1.105e-01
  6.800e-02  2.990e-02  2.119e-01  1.651e-01  1.143e-01  1.109e-01
 -1.120e-02 -4.830e-01 -2.107e-01 -1.250e-02  5.340e-02  2.727e-01
  1.397e-01  2.064e-01 -4.700e-03  3.438e-01  2.626e-01 -7.840e-02
 -7.330e-02  1.083e-01  4.570e-02 -9.390e-02  2.717e-01  1.435e-01
  2.635e-01 -1.484e-01  1.700e-03 -1.155e-01  3.620e-02 -4.170e-01
  9.690e-02  1.441e-01 -7.180e-02  9.040e-02  3.000e-03 -5.420e-02
 -8.000e-04  2.190e-02 -9.320e-02 -1.940e-02  8.170e-02 -3.330e-02
  2.016e-01  3.200e-03 -2.740e-02 -3.440e-02  1.550e-02 -1.054e-01
  2.341e-01  2.123e-01  2.634e-01  6.310e-02 -1.650e-01  4.520e-02
  2.951e-01  4.457e-01 -4.290e-02  7.990e-01  3.530e-02 -2.601e-01
  1.244e-01  2.210e-02 -2.730e-01  1.044e-01  3.179e-01  2.470e-02
 -1.346e-01  7.060e-02 -8.910e-02 -9.970e-02  1.208e-01  8.900e-03
  1.351e-01 -2.355e-01  2.157e-01  1.363e-01 -9.510e-02  4.453e-01
 -2.405e-01 -4.030e-02 -1.211e-01 -4.590e-02  1.464e-01  1.885e-01
 -1.225e-01  1.271e-01 -1.496e-01 -2.192e-01 -1.485e-01  3.800e-03
 -2.084e-01  3.490e-02  1.891e-01 -8.400e-02  7.310e-02  2.084e-01
 -2.442e-01 -1.878e-01  2.487e-01 -2.618e-01 -2.700e-02  6.300e-03
 -2.025e-01 -4.380e-02  2.100e-03  7.560e-02 -2.528e-01  3.552e-01
  5.400e-03 -7.760e-02 -1.800e-01  6.710e-02 -1.483e-01 -3.310e-02
  3.319e-01  3.379e-01  2.504e-01  3.513e-01  1.590e-02 -2.320e-01
 -3.029e-01  6.260e-02 -2.552e-01 -2.802e-01 -4.780e-02 -2.248e-01]"
麽,"[ 1.370e-02 -5.200e-03  3.223e-01 -2.491e-01  1.241e-01 -2.111e-01
 -5.590e-02  1.423e-01 -3.276e-01  2.168e-01 -2.260e-02 -1.048e-01
 -6.310e-02  2.241e-01 -1.036e-01  2.240e-02  1.504e-01 -2.313e-01
  2.013e-01 -1.165e-01  6.540e-02  8.070e-02 -2.011e-01 -2.079e-01
  1.439e-01 -1.252e-01  1.398e-01 -3.000e-02  1.213e-01  1.585e-01
  3.100e-03 -1.801e-01  1.306e-01  7.300e-03  2.987e-01  1.074e-01
  8.200e-03 -3.568e-01 -1.641e-01  1.140e-02 -1.187e-01  1.490e-02
 -1.000e-04  2.029e-01 -1.970e-02  7.340e-02  3.836e-01  4.310e-02
  1.296e-01 -6.130e-02  3.059e-01  3.251e-01 -4.400e-02 -3.937e-01
  1.062e-01  3.490e-02  2.425e-01 -1.867e-01 -1.425e-01  2.044e-01
  1.201e-01  2.910e-02 -9.760e-02 -9.200e-02 -1.431e-01 -1.749e-01
  5.330e-02 -4.532e-01  1.940e-02  6.550e-02  5.000e-04  1.325e-01
 -7.770e-02 -2.805e-01 -1.889e-01  6.150e-02  1.056e-01  2.529e-01
 -3.720e-02 -8.200e-03 -3.370e-01 -1.608e-01 -3.440e-02 -1.401e-01
  6.910e-02  2.137e-01  7.110e-02  2.272e-01 -4.050e-02  1.762e-01
 -2.189e-01 -8.530e-02 -7.750e-02  9.200e-02 -4.820e-02 -2.400e-03
  7.420e-02  1.019e-01  1.050e-01  8.330e-02  4.650e-02 -1.496e-01
  4.027e-01 -1.277e-01  4.677e-01  2.130e-02  4.100e-03  1.249e-01
 -1.233e-01  1.090e-01  2.343e-01  1.225e-01  2.247e-01 -2.660e-02
  7.390e-02  2.426e-01  4.330e-02  1.152e-01 -6.670e-02 -1.079e-01
 -7.570e-02  7.120e-02 -1.450e-01 -6.770e-02 -1.682e-01 -8.270e-02
 -7.340e-02 -5.000e-02 -2.900e-02  1.681e-01 -2.087e-01  2.210e-01
 -1.855e-01  8.310e-02  7.680e-02  8.020e-02  1.220e-01 -2.401e-01
  2.021e-01 -3.146e-01  1.280e-01 -5.700e-03 -6.338e-01 -2.537e-01
  5.010e-02  2.400e-02  2.290e-02  1.568e-01  3.870e-02 -1.211e-01
 -1.118e-01  4.760e-02 -1.035e-01  1.950e-02 -1.800e-01  8.260e-02
 -5.970e-02  1.119e-01 -1.557e-01  1.246e-01  1.083e-01  1.500e-03
 -4.590e-02  2.600e-02  3.900e-03 -9.340e-02 -1.628e-01 -8.490e-02
 -2.600e-03  2.880e-01 -3.520e-02  1.194e-01 -2.890e-02 -1.371e-01
  1.031e-01  1.509e-01  6.970e-02  4.820e-02 -1.043e-01  1.746e-01
  1.126e-01  2.337e-01 -1.380e-02  1.412e-01  3.430e-02 -2.888e-01
  7.040e-02 -2.693e-01  2.532e-01  4.595e-01 -1.727e-01  5.000e-04
  9.090e-02  1.800e-02 -2.738e-01  1.196e-01 -1.376e-01 -2.033e-01
  1.193e-01 -7.160e-02  1.246e-01  2.813e-01  1.672e-01 -2.100e-03
 -6.700e-02  1.410e-02 -6.330e-02 -4.660e-02 -2.116e-01 -2.964e-01
  1.200e-03 -8.200e-03 -1.912e-01 -1.595e-01 -1.274e-01  2.360e-01
 -3.884e-01  1.600e-02  8.400e-02  6.740e-02  8.600e-03  5.440e-02
  2.627e-01  2.256e-01 -1.709e-01  9.300e-02 -5.170e-02 -7.100e-02
 -1.850e-01 -4.418e-01  5.810e-02  9.146e-01  3.000e-02  7.950e-02
 -1.814e-01 -3.490e-02 -8.800e-03  7.980e-02  4.830e-02 -1.157e-01
 -1.284e-01 -3.950e-02 -2.563e-01  1.324e-01  1.184e-01 -1.873e-01
  2.130e-01 -7.800e-02  8.890e-02  3.239e-01 -7.370e-02 -3.700e-03
  1.100e-03 -6.110e-02 -2.422e-01  6.830e-02  6.280e-02  2.697e-01
  9.090e-02  1.430e-02 -6.980e-02 -2.380e-02  3.560e-02  1.621e-01
  2.520e-02 -3.300e-03  2.126e-01 -1.679e-01 -8.980e-02  3.246e-01
  9.550e-02 -1.457e-01  2.622e-01  1.720e-02  1.171e-01 -1.675e-01
 -2.733e-01  3.388e-01 -1.880e-02  1.822e-01 -5.055e-01  6.210e-02
  2.511e-01 -6.610e-02  7.100e-03 -5.860e-02  3.220e-02  1.514e-01
  2.740e-02  1.015e-01  2.200e-02  4.303e-01  2.209e-01  6.250e-02
  1.929e-01  2.042e-01 -2.590e-02 -4.920e-02  2.284e-01 -1.915e-01]"
麽,"[-1.132e-01 -2.600e-02  2.858e-01  1.232e-01  8.270e-02 -1.900e-01
 -4.900e-03 -1.090e-01  1.785e-01  2.963e-01  2.037e-01  5.700e-02
 -4.800e-03  4.100e-03 -1.928e-01  2.070e-02  6.450e-02 -3.209e-01
  1.504e-01  2.025e-01  5.700e-03  1.477e-01  4.505e-01 -4.480e-02
  1.893e-01  8.940e-02 -4.550e-02  2.094e-01  7.570e-02  3.650e-02
 -1.248e-01 -7.400e-03  5.720e-02  7.270e-02 -2.630e-02  4.230e-02
  1.616e-01 -2.229e-01  2.431e-01 -1.890e-02  1.390e-02 -3.008e-01
  1.678e-01 -3.860e-02 -1.420e-02  5.140e-02 -4.560e-02 -1.505e-01
  7.330e-02  2.236e-01  3.500e-03 -2.656e-01  3.700e-02 -3.693e-01
  1.279e-01 -1.782e-01  8.640e-02 -2.112e-01  2.507e-01 -2.030e-02
  1.700e-02 -6.100e-03  1.197e-01  4.630e-02 -2.100e-03  1.166e-01
  1.933e-01 -7.850e-02 -1.576e-01  1.320e-02 -1.100e-02  2.990e-02
  1.126e-01 -1.228e-01 -1.180e-02 -1.070e-02  3.851e-01 -1.035e-01
 -1.210e-01  9.000e-02 -1.310e-02  4.360e-02  1.595e-01 -1.980e-02
 -2.910e-02 -2.426e-01 -2.283e-01  6.330e-02  3.240e-01 -8.890e-02
  1.192e-01 -8.760e-02 -5.060e-02  7.250e-02  1.328e-01 -1.400e-02
  5.500e-03 -7.200e-03  9.900e-02  3.520e-02 -1.616e-01 -4.174e-01
 -1.670e-02 -5.690e-02  4.011e-01  2.760e-01  3.510e-02  8.730e-02
 -1.050e-02 -1.005e-01  9.860e-02  5.040e-02  2.283e-01 -2.786e-01
 -5.690e-02 -1.624e-01  6.610e-02  4.700e-03 -9.060e-02  4.230e-02
  9.280e-02  1.204e-01 -3.310e-02  8.740e-02 -4.990e-02  1.299e-01
 -6.700e-03  5.800e-03 -3.150e-02 -1.764e-01 -1.606e-01 -2.678e-01
 -5.000e-03  2.700e-02 -1.588e-01 -1.216e-01  3.869e-01 -1.450e-01
 -1.300e-02 -1.319e-01 -5.000e-02  5.312e-01 -3.014e-01 -1.465e-01
 -1.244e-01  2.390e-02 -2.290e-02 -7.130e-02  1.862e-01  7.900e-03
 -2.544e-01 -1.262e-01 -3.788e-01 -5.700e-03  1.442e-01 -9.000e-03
  2.050e-02 -5.120e-02  6.370e-02  2.103e-01 -9.320e-02  2.046e-01
 -8.500e-02  1.320e-02 -1.233e-01 -1.531e-01  1.040e-02  1.130e-01
 -3.680e-02  1.562e-01 -1.724e-01 -3.640e-02  9.970e-02  3.486e-01
 -3.340e-02 -1.613e-01  2.304e-01 -9.890e-02 -4.132e-01 -1.867e-01
 -1.048e-01  2.700e-02 -3.370e-02  2.150e-01 -5.200e-03  6.630e-02
  2.475e-01 -3.093e-01 -1.820e-01  1.758e-01 -5.250e-02  2.381e-01
  2.950e-02 -1.541e-01  2.940e-02 -4.240e-02  1.077e-01 -1.325e-01
 -1.700e-03 -7.170e-02  1.609e-01  6.420e-02  2.717e-01  4.690e-02
  8.200e-03  1.204e-01  1.038e-01  2.900e-03  1.571e-01  5.960e-02
  3.500e-03 -1.800e-02 -1.370e-02  4.860e-02 -1.798e-01 -2.300e-02
 -1.239e-01 -2.491e-01 -7.690e-02 -2.270e-02  4.094e-01  8.680e-02
  3.144e-01  1.276e-01 -6.550e-02  1.858e-01 -1.403e-01  4.840e-02
 -3.040e-02  1.110e-01  8.220e-02  7.971e-01 -2.150e-01  1.658e-01
  9.200e-02 -1.629e-01  1.235e-01 -1.602e-01  3.578e-01 -1.160e-02
  3.030e-02  1.443e-01 -4.690e-02  1.419e-01 -5.300e-02 -2.200e-01
 -1.373e-01  8.240e-02 -1.280e-02 -1.756e-01  1.770e-02 -8.240e-02
  2.880e-01 -4.090e-02 -1.211e-01 -1.401e-01 -3.420e-02  1.318e-01
  7.930e-02  5.180e-02  9.380e-02  5.000e-04 -1.200e-01 -1.065e-01
  2.050e-01  2.660e-02 -8.660e-02 -1.055e-01 -1.111e-01 -8.950e-02
  1.472e-01 -1.590e-02  1.141e-01 -5.710e-02 -2.109e-01 -1.559e-01
 -7.740e-02  1.802e-01 -2.383e-01 -1.255e-01 -4.188e-01  2.872e-01
 -4.000e-03 -1.053e-01 -6.950e-02 -1.547e-01  8.430e-02  4.900e-02
 -9.830e-02  7.070e-02 -1.930e-02  1.497e-01  4.600e-02 -4.650e-02
 -4.930e-02 -2.610e-02 -1.276e-01 -1.780e-02 -2.610e-02 -8.300e-02]"
麽,"[ 1.25100002e-01  6.87000006e-02  3.73400003e-01 -9.50000063e-03
  1.04499999e-02 -1.95700005e-01  6.89499974e-02 -5.46500012e-02
 -2.68200010e-01  1.02749996e-01 -1.44299999e-01  7.38999993e-02
 -7.14999959e-02 -4.44999989e-03  9.72499996e-02  2.54200011e-01
 -1.21799998e-01 -1.01750001e-01 -3.64999473e-03  7.67000020e-02
  1.63949996e-01  9.14499983e-02  3.55999991e-02  2.85999998e-02
 -9.47999954e-02 -1.03000002e-02 -1.40900001e-01 -3.10500003e-02
  3.54000032e-02 -1.75499991e-02  1.01500005e-02 -3.29999998e-02
  8.22499990e-02 -6.39000013e-02 -1.57000013e-02 -4.78000008e-02
 -7.33000040e-02 -3.71250004e-01  1.13999955e-02  1.29749998e-01
  1.06299996e-01  8.32500011e-02  9.58000049e-02  7.56000057e-02
  9.62000042e-02 -1.19999997e-01  2.86249995e-01 -9.20000002e-02
  1.12399995e-01 -4.93499972e-02 -5.68499975e-02 -7.82999992e-02
  2.50000022e-02  6.62000030e-02  1.30099997e-01  1.89500004e-02
 -4.84999921e-03 -9.00000334e-03 -1.49949998e-01 -2.62899995e-01
 -1.81799993e-01  1.34299994e-01  5.03000021e-02  1.61000013e-01
  2.25000009e-02 -4.04850006e-01  1.03499994e-01  5.78499995e-02
 -4.78999987e-02  6.39999956e-02 -9.32499990e-02  2.00699985e-01
 -3.76999974e-02  4.50000018e-02 -1.87600002e-01  8.00000038e-04
  1.13150001e-01 -1.66550010e-01 -8.29000026e-02 -8.09500068e-02
  5.52999973e-02 -1.50749996e-01 -1.07650004e-01 -3.74499969e-02
 -3.14499997e-02 -9.31500047e-02  1.27500007e-02 -6.84500039e-02
 -7.93500021e-02  4.72999997e-02 -1.91550002e-01 -3.72499973e-02
 -1.72849998e-01  1.41649991e-01 -1.63399994e-01  3.41000021e-01
  1.21750005e-01  7.99500048e-02  1.66099995e-01 -3.59500051e-02
 -4.18500006e-02 -2.62250006e-01 -6.80499971e-02  1.31099999e-01
  6.98499978e-02 -7.27999955e-02 -4.18499969e-02 -1.75499991e-02
 -9.99999791e-03 -1.23199999e-01 -9.40499976e-02  8.67500007e-02
  1.85999990e-01  1.55150011e-01  4.71500047e-02  1.33300006e-01
  1.70949996e-01  1.60149992e-01 -9.25500020e-02 -2.65000015e-03
  6.99999975e-04 -4.42000031e-02  1.49700001e-01  1.04750000e-01
 -1.38449997e-01 -3.40000018e-02 -3.13000008e-02  1.45050004e-01
 -4.68499996e-02  2.31999978e-02 -2.89650023e-01 -9.70499963e-02
 -5.64999990e-02  1.00050002e-01 -1.71799988e-01 -1.09650001e-01
  6.71500042e-02 -1.47699997e-01 -1.80350006e-01 -1.21050000e-01
  1.45699993e-01  2.52449989e-01 -2.89999992e-01 -9.37500000e-02
  4.55000028e-02  9.73500013e-02 -9.44999978e-03 -3.84999998e-03
 -9.18499976e-02 -5.05000353e-03 -1.56000014e-02 -2.48099983e-01
  8.63499939e-02 -1.79100007e-01  8.13999996e-02  3.04000005e-02
 -1.92050010e-01  6.55000005e-03 -1.26699999e-01  2.63300002e-01
 -4.27500010e-02  1.10900000e-01  9.65000018e-02 -2.29500011e-01
 -1.76750004e-01 -1.58899993e-01  6.80000149e-03 -1.26650006e-01
 -3.32500003e-02 -6.99999928e-03  1.52199998e-01 -1.91100001e-01
  1.57499984e-02  1.56549990e-01  2.66700000e-01  3.60499993e-02
 -8.65999982e-02  7.00000674e-04 -1.49900004e-01 -5.46999946e-02
 -1.92000009e-02 -4.99549985e-01  1.28000006e-02  2.80000269e-03
 -1.68949991e-01 -2.07949996e-01  8.83499980e-02  8.00499991e-02
 -2.34500002e-02  2.34099999e-01  2.59499997e-01  1.22699998e-01
 -5.74999955e-03  7.84000009e-02  2.96499953e-02 -8.55000038e-03
  4.65999991e-02  5.40000200e-03  3.83500010e-02 -4.20000032e-03
 -6.54499978e-02 -4.32000011e-02  4.87500057e-02 -6.61500022e-02
 -2.44000014e-02  1.78499985e-02 -1.83100000e-01  1.04999915e-03
 -4.89500016e-02  3.31000015e-02  1.66500002e-01  6.28999993e-02
  1.18649997e-01  6.49999827e-04  5.17499968e-02 -2.68849999e-01
 -4.23499979e-02 -1.18349999e-01 -8.76999944e-02 -4.28500026e-02
 -5.10499999e-02 -6.49999976e-02 -7.10500032e-02  3.84999998e-03
  1.64000019e-02  1.59000009e-02 -1.13999993e-02  8.80500004e-02
 -1.98500007e-02 -5.10399997e-01 -8.24999809e-03  8.31550002e-01
 -8.30500051e-02 -1.00500006e-02 -1.29649997e-01  1.35199994e-01
 -1.43600002e-01 -7.13500008e-02  9.15500000e-02  9.34000015e-02
 -2.19900012e-01 -3.43349993e-01  6.77499995e-02 -1.43350005e-01
 -6.30999953e-02 -8.00499991e-02 -8.17999989e-02  2.12999992e-02
  1.21150002e-01 -1.55299991e-01 -5.74999973e-02  1.15150005e-01
 -2.15350002e-01  7.06000030e-02 -1.05849996e-01 -4.89999950e-02
 -1.44400001e-01  2.36699998e-01 -4.80000116e-03  1.62299991e-01
 -5.89999929e-03 -3.93499993e-02 -9.45999995e-02 -5.04999980e-02
 -2.02500001e-02  8.44499990e-02  3.79499979e-02 -5.99000007e-02
 -1.18949994e-01 -1.08500011e-02 -5.23499995e-02 -1.48849994e-01
  5.86999990e-02  1.30150005e-01 -1.03900000e-01  1.73050001e-01
 -8.69500041e-02  3.81000005e-02 -1.09349996e-01  2.22000033e-02
 -4.86399978e-01 -1.36249989e-01  1.69400007e-01 -7.45999962e-02
  8.52999985e-02  5.19500002e-02 -1.29500002e-01  2.79650003e-01
  1.86949998e-01  8.65999907e-02 -2.14149997e-01  3.13450009e-01
  6.59999996e-03  1.40500009e-01 -1.70949996e-01 -5.78499995e-02
  1.11649998e-01 -1.68399990e-01  1.32999998e-02 -9.30000022e-02]"
麽,"[ 2.20775008e-01 -9.92625058e-02  3.47262502e-01 -5.37750013e-02
 -2.20999978e-02 -1.78000003e-01  2.68662483e-01 -2.37874985e-02
 -3.50437492e-01  1.04762502e-01 -1.01575002e-01  3.64750028e-02
  3.02875005e-02 -1.02862492e-01  2.26250011e-03  9.14374962e-02
 -3.22750024e-02 -9.94250029e-02  8.23749974e-03  6.66249990e-02
  1.72712505e-01  8.44999962e-03 -1.79862499e-01 -1.89887509e-01
  2.40750015e-02  6.90874979e-02 -7.03125000e-02  1.54625028e-02
  8.98500010e-02  4.30875011e-02 -1.50925010e-01 -1.51287511e-01
  3.84125002e-02 -6.53624982e-02  5.88750020e-02 -9.74874943e-02
 -6.98750019e-02 -1.55200005e-01  1.62974998e-01  3.65500003e-02
  2.56249867e-03 -4.13750000e-02  5.60749993e-02 -3.04250009e-02
  2.88500004e-02 -9.53750014e-02  2.62762487e-01 -2.00462505e-01
  2.75750011e-02 -2.80625001e-02 -8.43999982e-02  1.00749955e-02
  6.15999997e-02  1.83537528e-01  3.32712501e-01  1.03862494e-01
  2.07874998e-02 -7.70249963e-02  1.15375005e-01 -1.45687506e-01
  7.02250004e-02  1.31412491e-01 -4.67875004e-02 -1.36462510e-01
 -1.40450001e-01 -2.02649996e-01 -1.05137497e-01 -7.12499991e-02
  1.25462502e-01 -7.12125003e-02 -9.15874988e-02  1.69612497e-01
 -3.86625007e-02 -1.08437493e-01 -7.18125030e-02  7.92124942e-02
  1.18874997e-01 -2.06950009e-01 -1.67349994e-01  8.22999999e-02
  2.23537505e-01 -1.35525003e-01  6.09999970e-02  4.03750017e-02
 -1.41387492e-01 -4.41999994e-02  7.23500028e-02  1.59474999e-01
  4.24624979e-02  5.22500016e-02 -8.92875046e-02 -4.53624986e-02
  2.17375010e-02  8.96624997e-02  1.49875004e-02  2.43262500e-01
 -2.44374983e-02  6.71250001e-03  3.94149989e-01 -1.56175002e-01
 -7.88250044e-02 -3.55425000e-01 -4.09249999e-02 -2.05499995e-02
  1.22125000e-01 -1.01149999e-01 -4.30750027e-02 -1.81487501e-01
 -1.75325006e-01 -3.17100018e-01  1.22337498e-01  4.09125015e-02
  5.23750037e-02 -1.40175000e-01 -1.12862498e-01 -9.60000046e-03
  1.79425001e-01  1.22587502e-01  4.40124981e-02  4.19500023e-02
  5.36499992e-02  2.00075001e-01  1.29999995e-01  3.66125032e-02
 -2.09862500e-01  1.55900002e-01 -9.89750028e-02  6.71875030e-02
  7.44249970e-02  8.21875036e-02 -3.41237515e-01 -1.72375012e-02
  1.08949997e-01 -4.94000018e-02 -2.12375000e-02 -2.37624981e-02
  8.18750262e-03 -2.81925023e-01 -1.61637500e-01 -3.80662501e-01
  1.16425000e-01  1.52937502e-01 -2.74587512e-01 -4.31250036e-03
 -5.16875014e-02  9.43249911e-02  3.26750018e-02 -2.41625011e-02
 -9.72499996e-02  1.22137502e-01 -5.89749999e-02 -4.12500044e-03
 -4.18500006e-02  9.42000002e-02 -2.05312490e-01 -7.92874992e-02
 -4.73624989e-02 -5.31249959e-03 -2.97500007e-02  4.40499969e-02
 -1.40737504e-01  1.58700004e-01 -6.34249970e-02 -1.36837497e-01
  4.81375009e-02  9.72374976e-02  4.03750017e-02  6.79999776e-03
  4.97500002e-02 -2.05624998e-02  1.60675004e-01 -9.49875042e-02
 -5.04124984e-02  7.62496144e-04  7.85000026e-02  4.14500013e-02
  6.66249990e-02  1.00537501e-01 -1.01124980e-02  1.54599994e-01
 -2.11837500e-01 -2.14475006e-01  2.61274993e-01 -4.46249992e-02
 -1.67750008e-02 -1.46487504e-01  5.98499998e-02  1.41737506e-01
 -1.80849999e-01  1.88537508e-01  1.18074998e-01  4.68750000e-02
 -5.02875000e-02  7.59124979e-02  1.86174989e-01  6.04999997e-02
 -4.37749997e-02  3.73375006e-02  1.11149997e-01 -7.28124976e-02
 -1.57299995e-01  8.78999978e-02  1.56275004e-01 -2.14037508e-01
  9.78624970e-02  2.14999914e-03 -1.19012497e-01  2.17949986e-01
 -7.53750093e-03 -3.49000022e-02 -8.28750059e-03  9.30000022e-02
 -9.14124995e-02  2.14499995e-01  1.24374993e-01 -1.42087504e-01
 -2.95037508e-01 -1.87550008e-01 -2.52449989e-01 -2.32612506e-01
 -3.50000337e-04 -9.37499106e-04  3.62250023e-02  1.79099992e-01
 -1.17500000e-01 -1.81999996e-01 -1.78300008e-01  1.61624998e-02
  1.32300004e-01 -1.61924988e-01 -4.47999984e-02  9.83262479e-01
 -1.53212503e-01 -3.66624966e-02 -4.20000032e-02  1.42412499e-01
 -3.76912504e-01 -1.85500011e-02  1.44900009e-01 -1.22887500e-01
 -4.95000370e-03 -1.61212489e-01  1.60775006e-01  1.80874988e-02
  2.79000029e-02  9.99125019e-02  1.61037505e-01  7.00374991e-02
 -1.02974996e-01  3.59750055e-02 -2.10625008e-01  7.28124976e-02
 -5.92874996e-02  7.65749961e-02 -2.42749993e-02 -1.73262507e-01
 -1.52212501e-01 -1.60499997e-02 -7.48874992e-02 -2.80350000e-01
  3.81250009e-02  6.23000003e-02 -9.33749974e-02 -1.20162502e-01
 -1.22375004e-02  6.57499954e-02  2.58737504e-01  6.90625012e-02
  1.39174998e-01 -2.31750011e-02  1.41825005e-01 -1.18162505e-01
  5.41500002e-02 -6.25010580e-05 -4.96249925e-03  2.18875006e-01
 -7.44874999e-02 -1.91624984e-02 -1.94012508e-01  1.76550001e-01
 -2.44387507e-01 -5.64499982e-02 -9.25749987e-02  1.56750008e-02
  2.15362489e-01  1.58937499e-01 -2.20074996e-01 -9.06125009e-02
  1.03024997e-01  9.02125016e-02 -1.34562492e-01  8.46875012e-02
  7.39374980e-02  8.74250010e-02 -7.41375014e-02 -2.01100007e-01
 -4.12499532e-04 -1.52649999e-01 -3.59374993e-02  3.51375006e-02]"
麾,"[ 7.04416707e-02  3.99000011e-02  3.57183337e-01  2.12333351e-02
  6.19750023e-02 -2.43249983e-02  1.04816675e-01  3.37666683e-02
 -1.65483311e-01 -1.23466671e-01 -1.25491664e-01 -6.68583363e-02
  1.06266670e-01  7.61083364e-02 -1.79083329e-02 -1.74000002e-02
 -4.16416675e-02  7.17583373e-02 -1.57250002e-01 -5.15833348e-02
  3.08333356e-02  7.71833286e-02  5.88000007e-02  1.74750015e-02
  1.00466669e-01  4.93583344e-02  1.09508336e-01 -2.52916664e-02
  7.06999972e-02  4.75166626e-02  4.88750003e-02 -2.54999590e-03
  6.43000007e-02  6.71166703e-02 -9.63833332e-02 -3.14166886e-03
  1.14499973e-02 -1.74258336e-01 -3.15833353e-02  1.22291662e-01
 -9.19999927e-03  4.82666679e-02  6.80583343e-02 -6.75500035e-02
  6.61583319e-02 -1.47316679e-01  5.41583300e-02  3.73416655e-02
  4.93916720e-02  1.11500002e-01  5.70166670e-02 -5.78916632e-02
 -1.27416654e-02 -2.71933317e-01  2.96666473e-03  1.47083318e-02
  1.87833328e-02  1.32175013e-01 -3.21416594e-02  2.74416674e-02
  3.41166593e-02 -3.46583314e-02  6.75000018e-03 -4.33666669e-02
  4.53583300e-02 -5.40333353e-02 -1.76500008e-02  4.17166688e-02
 -1.14733331e-01 -8.66666436e-04 -4.04333323e-02  1.77066669e-01
 -7.81166703e-02 -9.86750051e-02 -1.97083335e-02 -7.15750009e-02
  6.05916642e-02  2.12000012e-02  3.05333342e-02  6.13750033e-02
 -9.23250020e-02 -6.62999973e-02  6.13583326e-02 -3.59000005e-02
 -8.02333280e-02  5.13083339e-02  1.25016674e-01 -6.37499988e-03
  1.14583327e-02 -2.15791658e-01 -6.49499968e-02 -4.10000002e-03
  3.60499956e-02 -8.57500061e-02 -1.08041666e-01 -1.10399999e-01
  5.20416684e-02  2.00666655e-02  4.66500036e-02 -1.12250000e-02
 -9.54333469e-02  6.59000054e-02 -7.31333345e-02  1.68200001e-01
  6.21000044e-02  9.03666690e-02 -4.78750020e-02 -6.75000250e-04
  2.63500009e-02 -4.06916663e-02  8.93833339e-02 -5.83333522e-03
  2.12408349e-01  8.72000083e-02 -7.54999602e-03 -4.00000066e-03
  1.54883340e-01  5.62749989e-02 -3.76583301e-02  1.33083342e-02
 -2.11316660e-01 -5.41249998e-02  2.19583344e-02  2.62250006e-02
  1.04750000e-01  3.59916650e-02  3.15583311e-02  1.60274997e-01
 -1.12300001e-01 -5.28333569e-03 -9.16500092e-02  4.23749983e-02
 -8.35916698e-02  9.69749913e-02  1.31799996e-01 -1.68333203e-03
  2.72158325e-01  5.22166640e-02 -1.59749985e-02 -2.27916669e-02
  2.74249986e-02 -3.13416682e-02 -1.09100007e-01  1.50833325e-02
  3.59916650e-02  4.17000018e-02 -1.65291667e-01  6.47583380e-02
  5.89749999e-02 -4.37999964e-02 -1.01316661e-01 -1.05999978e-02
 -1.71516672e-01  2.04833299e-02 -3.30500007e-02 -1.59866676e-01
 -5.92666678e-02  9.07833353e-02  1.62899986e-01  5.00749983e-02
 -7.32499873e-03 -1.83166694e-02 -1.34750009e-02 -2.32833326e-02
  4.94833328e-02 -3.87166701e-02  1.75833202e-03  3.98500003e-02
 -6.22583367e-02 -7.14666620e-02 -1.40750008e-02 -1.02841668e-01
 -5.93416654e-02 -9.90833063e-03  3.53749990e-02  4.51333337e-02
 -5.68166636e-02  6.39416650e-02  3.43249999e-02 -2.33749989e-02
 -5.56666171e-03 -1.96283340e-01  1.13100000e-01  4.27000038e-02
 -9.49998153e-04 -4.99583371e-02 -9.81583297e-02 -1.70833319e-02
 -9.54416692e-02  3.63508344e-01  5.77333309e-02  4.93916683e-02
  8.22083354e-02  4.02416699e-02  8.72916654e-02  1.30083337e-01
 -1.31666660e-02  3.37416679e-02 -1.73725009e-01  1.08332431e-03
 -3.78333405e-03  3.73416655e-02  1.40483335e-01  8.11333358e-02
 -3.82999964e-02  8.78750011e-02 -1.38166668e-02  6.14916645e-02
 -3.09333336e-02 -5.46333343e-02  4.17833328e-02  1.62333343e-02
 -6.37416691e-02 -1.49916671e-02 -6.51666522e-03  2.26333346e-02
 -7.79333338e-02 -2.34166663e-02  1.61583293e-02 -3.95000121e-03
  4.19500023e-02  9.32583436e-02 -6.55583367e-02  1.58666670e-02
 -5.43166697e-02 -1.69749986e-02  1.36249987e-02  4.15666662e-02
  1.13824993e-01 -4.94833291e-02  1.00474991e-01  6.99800014e-01
 -6.22750036e-02 -7.87333325e-02  5.21250032e-02 -9.91083384e-02
 -2.20500007e-02  6.96000010e-02  8.65416601e-02 -2.78166682e-02
 -9.09916684e-02 -3.37166637e-02  2.29999819e-03  6.72750026e-02
 -1.05666667e-01  6.94999993e-02 -3.46416682e-02  7.31666684e-02
  8.36749971e-02 -2.27916669e-02  6.65000007e-02  3.76666524e-03
  5.04416674e-02 -4.83166687e-02 -3.88833322e-02  3.43750007e-02
 -1.88558340e-01  9.10416618e-02  7.25916624e-02  4.82666641e-02
  9.20250043e-02  3.75916660e-02 -1.34266675e-01 -5.20583354e-02
  1.28333271e-03 -3.61083336e-02  2.95749996e-02 -9.66333374e-02
  5.62666692e-02  4.88083363e-02  2.87000034e-02 -1.75416656e-02
 -9.73333418e-03  4.10333313e-02 -1.13016665e-01 -6.28666654e-02
  6.64249957e-02  1.93583325e-01  2.00166684e-02 -4.07333337e-02
 -3.42333347e-01  4.54833321e-02 -1.35916667e-02 -6.21166676e-02
 -8.31166729e-02 -4.06999998e-02 -1.36166662e-01  9.76833329e-02
  6.09916709e-02 -6.60499930e-02 -1.92166679e-02  3.30833346e-03
  1.00000449e-04 -7.23833367e-02  4.56166677e-02 -1.30000003e-02
  2.78083310e-02  2.86666863e-03  3.43333334e-02  4.87666689e-02]"
黀,"[ 9.32999998e-02 -2.15499997e-02  6.15499988e-02  5.51000014e-02
 -2.75500007e-02 -6.91000000e-02  7.24499971e-02  8.60499963e-02
  1.10799998e-01  3.98500003e-02 -4.17999998e-02 -5.86499982e-02
  2.71000005e-02 -1.20500000e-02  5.09999990e-02  5.20000011e-02
 -7.25499988e-02  1.76999997e-02 -6.88500032e-02  1.38899997e-01
  1.47000002e-02 -6.46499991e-02 -6.68499991e-02 -1.56999994e-02
  2.43999995e-02 -1.51500003e-02  6.31999969e-02  4.93500009e-02
  6.62999973e-02 -1.11999996e-02  5.54999989e-03 -1.57500003e-02
  2.80499998e-02  1.83799997e-01 -1.37499999e-02 -2.74500009e-02
  4.32999991e-02  3.97000015e-02 -1.61499996e-02 -1.73000004e-02
 -6.34999992e-03  4.66499999e-02  7.76000023e-02  4.11499999e-02
  4.99999987e-05  8.06000009e-02  2.31900007e-01 -3.57500017e-02
 -4.30999994e-02  4.30000015e-03 -4.35000006e-03  1.31999999e-02
 -1.29850000e-01  1.84499994e-02 -6.34500012e-02 -2.31500007e-02
  7.99999982e-02 -3.57500017e-02  4.13499996e-02 -3.74500006e-02
  6.18500002e-02 -4.61499989e-02  7.44000003e-02  2.25499999e-02
  3.15999985e-02  1.66500006e-02  4.47000004e-02 -3.05000003e-02
  5.20000011e-02 -3.98500003e-02 -1.53650001e-01  4.30000015e-02
 -1.07150003e-01 -9.60000046e-03  7.45000020e-02 -3.77499983e-02
 -3.34500000e-02  2.92499997e-02 -2.02500001e-02 -1.04400001e-01
  7.19999988e-03  4.69000004e-02  2.25499999e-02 -3.05000003e-02
  1.72499996e-02 -5.17500006e-02 -9.35999975e-02  2.72499993e-02
 -5.29999984e-03  1.80500001e-02 -9.88999978e-02 -1.47049993e-01
  4.08999994e-02 -4.32999991e-02  3.51999998e-02 -1.95499994e-02
 -3.31000015e-02 -1.44999996e-02  4.70499992e-02  3.64999995e-02
  1.17650002e-01  3.80000006e-03  5.67499995e-02  5.40499985e-02
 -5.69499992e-02 -4.57499996e-02 -1.68500006e-01  5.49499989e-02
 -2.19999999e-03 -4.49999981e-03 -2.15499997e-02 -1.58500001e-02
 -2.64999997e-02 -7.53500015e-02 -1.53500000e-02 -6.95500001e-02
  2.11999994e-02  3.42499986e-02  1.05499998e-02  2.77999993e-02
 -1.13500003e-02  8.07999969e-02 -2.65500005e-02 -2.19500009e-02
  2.65999995e-02  3.26000005e-02  1.48999998e-02  8.44999999e-02
 -2.81499997e-02 -1.06499996e-02  5.62999994e-02 -8.61999989e-02
 -1.00450002e-01  4.54999991e-02  7.89999962e-03 -2.40000002e-02
  1.29549995e-01  4.69999984e-02 -1.50499996e-02 -1.52000003e-02
  5.01499996e-02  9.42500010e-02 -8.16000029e-02  7.94999972e-02
  8.37000012e-02 -6.64999988e-03 -3.32500003e-02 -4.85999994e-02
 -9.49999969e-03 -2.96000000e-02  3.84999998e-03  2.40499992e-02
 -8.00000038e-03  6.88000023e-02 -7.63000026e-02 -5.24000004e-02
 -1.53999999e-02  5.54999989e-03 -1.58500001e-02  4.07500006e-02
 -6.30000001e-03 -8.19000006e-02 -6.44500032e-02 -8.94999970e-03
  3.74999992e-03 -2.84499992e-02  1.98999997e-02 -1.64000001e-02
 -4.10000002e-03  9.35499966e-02  3.69499996e-02 -4.39000018e-02
  7.58500025e-02 -4.67000008e-02 -1.67999994e-02  2.18499992e-02
  4.58000004e-02 -2.70000007e-02 -1.07749999e-01 -3.50500010e-02
 -1.88999996e-02 -1.64500009e-02  5.78499995e-02  5.68000004e-02
  4.01000008e-02 -4.47000004e-02  5.07999994e-02  2.13500001e-02
 -1.16850004e-01 -2.79500000e-02  8.79999995e-03 -1.64000001e-02
 -7.34499991e-02  2.09999993e-03 -1.31050006e-01  7.59000033e-02
 -4.54999991e-02  7.90000036e-02 -1.26350001e-01 -3.18000019e-02
  8.60000029e-03  4.78999987e-02 -6.51500002e-02 -2.09500007e-02
 -1.93000007e-02  2.50000012e-04  8.00000038e-03  1.12149999e-01
 -6.36499971e-02 -9.99999975e-05  5.16000018e-02 -1.48499999e-02
 -7.39500001e-02 -6.54999986e-02 -5.77999987e-02  6.85999990e-02
  4.56500016e-02 -1.13000004e-02 -5.04500009e-02  2.50499994e-02
  4.39499989e-02  1.07400000e-01 -4.94999997e-03  1.40149996e-01
 -4.19999985e-03 -4.71000001e-02 -5.99000007e-02 -9.15500000e-02
 -5.90999983e-02 -7.71500021e-02 -1.04000000e-02  4.37949985e-01
 -6.91000000e-02  5.64000010e-02 -3.59999994e-03  8.50000009e-02
  9.60000046e-03  4.04499993e-02  1.07349999e-01  1.51500003e-02
  6.04999997e-03  1.40500003e-02  8.51500034e-02 -5.33500016e-02
 -2.28499994e-02 -1.91000000e-01 -1.36000002e-02  7.70500004e-02
 -2.41999999e-02  2.85999998e-02  3.59000005e-02  2.63000000e-02
 -3.36499996e-02 -6.96500018e-02 -5.38499989e-02 -8.60000029e-03
 -7.23000020e-02 -7.10000005e-03  4.43000011e-02  5.84000014e-02
  1.82000007e-02 -1.99999995e-04 -3.37999985e-02  7.57500008e-02
 -1.59499999e-02 -4.98000011e-02  1.85000002e-02  6.04999997e-03
  1.60000008e-02  4.10499983e-02  6.57000020e-02 -1.59999996e-03
  5.33000007e-02  5.22500016e-02  3.15000005e-02  2.38499995e-02
 -6.66000023e-02  5.43499999e-02 -3.11500002e-02  4.99999987e-05
 -9.31499973e-02  5.06500006e-02 -1.19500002e-02  6.34999992e-03
  5.02000004e-02  3.77000012e-02 -6.36000037e-02  9.40499976e-02
 -5.40999994e-02  1.22999996e-02  7.05500022e-02  3.06499992e-02
  4.52000014e-02  1.14799999e-01 -3.74999992e-03  1.54999997e-02
 -9.32999998e-02 -5.40999994e-02  4.25000023e-03  2.06000004e-02]"
黂,"[ 3.74355540e-02  2.61444431e-02  4.11657810e-01  6.61688969e-02
  3.56688872e-02  2.26444495e-03  1.32617772e-01  8.06822255e-02
  5.64133376e-02  5.81733286e-02  1.89799983e-02 -1.16904445e-01
  3.89177799e-02  7.02088848e-02 -2.16466654e-02  1.08315550e-01
 -1.81386665e-01  7.66555592e-02 -6.60511181e-02  8.29022229e-02
  5.02155572e-02  4.07755598e-02 -1.71926677e-01 -3.04222107e-03
  1.47333741e-03 -1.67815566e-01  5.35866655e-02  9.67533290e-02
 -5.01555540e-02  4.92221862e-03 -1.88644435e-02 -1.97264448e-01
  1.54004440e-01  1.01642214e-01  8.93333554e-03 -5.05822189e-02
  1.54173329e-01 -1.17384434e-01  1.92533359e-02  7.33688846e-02
 -6.62444020e-03 -1.47371113e-01 -4.10000095e-03 -5.37288897e-02
  6.52666613e-02  4.08890337e-04  1.56713337e-01 -4.10311110e-02
  1.74113333e-01  5.21533303e-02  6.62244335e-02 -5.12488931e-02
 -3.67533341e-02 -2.11955514e-02  7.44377747e-02  7.63266683e-02
  8.43466744e-02 -8.54599997e-02  2.82755550e-02  6.14199974e-02
 -1.92000472e-03 -3.04822233e-02 -5.82888871e-02  2.13866681e-02
 -4.02088873e-02 -2.38888860e-02  1.13231100e-01 -2.17455566e-01
 -7.13533387e-02 -6.30755499e-02 -6.14200048e-02  6.49110973e-03
  1.65866669e-02  8.57955590e-02 -2.93555614e-02 -1.42993331e-01
  1.19988889e-01  6.62222179e-03 -2.61799991e-02  1.32088913e-02
  1.73711088e-02 -4.23911102e-02  1.59044452e-02  2.31244434e-02
  9.35644433e-02 -1.43551111e-01 -1.39522240e-01  4.63644415e-02
 -3.06466669e-02  2.02686667e-01  2.85977796e-02  4.49332828e-03
  1.31986663e-01 -2.56888568e-03 -6.90599978e-02 -8.20022300e-02
  1.27977775e-02  9.99088883e-02 -9.34666693e-02  2.00784445e-01
  2.85599977e-02 -1.71822235e-01 -9.59777553e-03  1.84802219e-01
 -1.74244437e-02  2.35133320e-02  5.00066690e-02  8.30177739e-02
 -7.36866742e-02  5.50488941e-02  1.10162221e-01  7.91533291e-02
  1.22795552e-01  6.60755560e-02  5.82666742e-03  3.10488846e-02
 -1.32517770e-01 -3.30466703e-02 -1.47473320e-01 -5.90955578e-02
  3.23466621e-02 -6.98199943e-02 -5.94022274e-02  7.60155544e-02
  5.64244390e-02  2.70155538e-02 -8.34466591e-02  8.10955539e-02
 -5.48355542e-02 -4.56777811e-02 -3.44044380e-02  7.11999983e-02
 -6.67355582e-02 -8.58800039e-02 -1.18682213e-01  8.27777851e-03
  1.27051115e-01  1.45444525e-02  4.45466638e-02 -2.57977750e-02
  1.22306667e-01  7.14622214e-02 -1.31115556e-01 -5.78200035e-02
  5.04044406e-02  5.71355522e-02  7.72066638e-02  3.47444415e-02
 -7.85311088e-02 -1.15544438e-01 -1.40215561e-01  7.05422238e-02
 -1.94142222e-01  2.09879994e-01 -5.35666645e-02 -1.10904455e-01
 -1.99044440e-02  9.97355580e-02 -5.71333105e-03  2.31755525e-02
  3.18155549e-02  9.83177796e-02 -1.53715551e-01  4.54066694e-02
  4.00555544e-02  5.43533377e-02  3.80088948e-02 -1.94526672e-01
 -1.03635550e-01 -3.94955575e-02  6.22222805e-03 -6.48044422e-02
  1.88300014e-01  4.92311120e-02  6.61688820e-02  3.63133363e-02
  5.07444441e-02 -1.56277776e-01 -6.42222241e-02  1.01308890e-01
  1.58806667e-01 -1.03046678e-01  2.19048902e-01  2.47333292e-02
  4.77400012e-02 -1.34517774e-01 -6.11688904e-02  2.30533332e-02
  2.83755567e-02  2.38242209e-01 -1.19659998e-01  3.62044461e-02
 -8.43622163e-02  2.10399982e-02 -1.83786675e-01  6.90733343e-02
  7.24222213e-02 -2.03755591e-02 -1.34924456e-01 -1.60066653e-02
 -4.40199971e-02 -8.30666721e-03 -7.64066726e-02  1.53488889e-01
 -9.63088870e-02  1.48433343e-01 -1.49308890e-01  1.39464438e-01
 -8.94688889e-02  2.66999975e-02 -7.74044469e-02 -1.05071120e-01
  8.67844447e-02 -3.81777734e-02 -1.92117766e-01  1.10737771e-01
 -6.36955574e-02  8.64555538e-02 -9.34644416e-02  6.54222257e-03
 -1.32888881e-02  1.72082230e-01  2.50422228e-02 -6.88000256e-03
 -6.65088892e-02 -6.59999729e-04 -6.99333614e-03 -8.23844448e-02
  2.76200008e-02 -1.28151104e-01  8.48911107e-02  8.39904487e-01
  1.53244445e-02  1.29333315e-02  9.55111068e-03 -9.62088928e-02
  7.71822259e-02  4.19177823e-02  2.44434923e-05 -1.47022232e-02
 -1.27460003e-01  1.16719998e-01  1.10008888e-01 -1.35644436e-01
 -1.11462213e-01 -2.26864442e-01 -6.54644445e-02  8.77977833e-02
 -4.54733372e-02  1.38671115e-01  1.01933338e-01  6.60311058e-02
 -7.25555569e-02 -2.94933338e-02 -1.43824443e-01  1.26573339e-01
 -9.39555541e-02  7.12000066e-03 -1.14906669e-01 -7.56911039e-02
  9.58666727e-02 -3.22222098e-04 -1.53579995e-01  1.68155525e-02
 -1.08786665e-01  1.42844440e-02  3.30866724e-02  5.18888868e-02
  4.04266678e-02  5.16844504e-02 -3.53244431e-02 -1.50128886e-01
  1.52242228e-01  7.71022215e-02  1.28355576e-02 -1.18571125e-01
  1.25844432e-02  7.08555579e-02 -9.05866697e-02 -3.25977765e-02
 -3.77922207e-01  1.69139981e-01  6.94777742e-02  4.98688854e-02
  1.19148888e-01 -6.33888915e-02 -1.47622228e-01 -3.63911130e-02
 -1.79817781e-01  3.02822199e-02 -7.90466666e-02 -3.28111090e-02
  9.70733389e-02  1.90873340e-01 -5.77355586e-02  2.34466642e-02
 -9.34933349e-02 -4.30688895e-02 -5.21800034e-02  5.79111092e-02]"
𪎒,"[-4.840e-02  3.506e-01  4.716e-01 -5.580e-02 -8.800e-02  9.420e-02
 -2.950e-02  3.680e-02  1.148e-01 -3.530e-02  5.720e-02  5.720e-02
 -2.650e-02  3.006e-01 -6.260e-02  4.680e-02  3.310e-02  1.185e-01
 -1.280e-02  9.140e-02  3.292e-01 -1.120e-02 -2.575e-01 -2.707e-01
  3.184e-01 -1.800e-03 -3.780e-02  1.386e-01 -1.423e-01  4.790e-02
  9.480e-02 -1.520e-02  1.897e-01 -1.610e-02 -3.820e-02 -7.060e-02
 -4.430e-02 -2.566e-01 -4.090e-02  1.914e-01 -2.348e-01 -1.143e-01
 -5.510e-02 -1.530e-02  2.064e-01 -6.970e-02 -2.970e-01  1.190e-02
  6.030e-02 -4.080e-02  4.168e-01  1.940e-02 -3.674e-01  2.055e-01
  2.305e-01 -9.960e-02 -1.330e-02 -1.099e-01  8.090e-02 -6.013e-01
  2.425e-01  1.953e-01  1.224e-01 -5.270e-02  1.122e-01 -2.490e-02
 -2.187e-01  2.408e-01 -1.535e-01 -2.536e-01 -2.016e-01  1.470e-01
 -6.730e-02  2.730e-01  2.448e-01 -9.020e-02 -1.360e-01 -1.844e-01
 -4.530e-02  1.670e-01 -4.690e-02  6.750e-02  1.857e-01  8.100e-03
 -1.831e-01 -4.780e-02  2.427e-01  2.745e-01 -1.020e-02 -5.500e-03
  3.805e-01 -1.800e-03  8.560e-02 -2.171e-01  8.400e-03  2.280e-02
  5.210e-02  2.650e-02 -5.660e-02 -2.250e-02 -2.062e-01  3.340e-02
  2.420e-02  1.155e-01 -3.930e-02  3.000e-03 -2.319e-01  2.830e-01
  5.310e-02  7.800e-03 -5.870e-02 -2.187e-01 -2.182e-01  8.290e-02
 -1.547e-01  1.266e-01  3.000e-02  2.184e-01  1.650e-01 -1.426e-01
 -2.887e-01  1.336e-01 -1.074e-01 -1.037e-01  1.716e-01  2.150e-02
  1.501e-01  1.445e-01  4.950e-02 -1.742e-01 -3.254e-01  1.152e-01
  8.000e-04 -9.760e-02  1.850e-02 -2.210e-01  1.562e-01  4.820e-02
 -1.287e-01 -8.920e-02  3.800e-03  2.188e-01  1.502e-01  1.905e-01
  2.484e-01 -8.330e-02 -1.118e-01  2.126e-01 -1.548e-01 -8.290e-02
 -1.529e-01  2.195e-01 -2.636e-01 -1.300e-03 -2.307e-01  2.781e-01
  5.590e-02  1.720e-02 -6.540e-02  1.885e-01  5.190e-02 -5.410e-02
 -3.158e-01 -1.158e-01 -5.540e-02 -6.620e-02  1.376e-01  1.233e-01
  2.295e-01 -1.400e-03 -3.535e-01 -1.099e-01 -2.278e-01 -2.803e-01
  9.030e-02  2.320e-01  1.132e-01 -3.510e-01 -3.096e-01  4.980e-02
 -3.880e-02  4.590e-02  1.612e-01  8.510e-02  3.600e-02  3.000e-02
 -7.970e-02 -2.080e-01  1.029e-01  4.069e-01  3.300e-02  9.900e-02
 -2.113e-01 -2.950e-01  1.737e-01 -1.881e-01 -1.131e-01  1.074e-01
  5.875e-01  3.600e-02  2.800e-01 -1.104e-01  9.930e-02 -3.910e-02
  1.039e-01  2.097e-01  1.209e-01  2.975e-01  3.371e-01 -5.430e-02
  4.930e-02 -3.680e-02  1.444e-01 -7.810e-02  6.200e-03 -1.560e-02
  2.434e-01  1.201e-01 -2.796e-01 -1.273e-01  1.867e-01  5.030e-02
 -1.891e-01 -1.137e-01 -3.600e-03  3.810e-02  5.520e-02  9.270e-02
  4.630e-02  4.950e-01 -2.774e-01  8.494e-01  1.050e-02 -4.280e-02
 -4.800e-02 -1.879e-01 -2.508e-01 -3.114e-01  1.787e-01 -2.315e-01
 -6.590e-02  1.205e-01 -1.936e-01  4.860e-02 -9.540e-02 -5.120e-02
 -3.200e-03  1.130e-02  4.594e-01 -1.598e-01  1.754e-01 -2.500e-01
 -7.210e-02 -1.998e-01 -3.134e-01 -8.000e-02  1.290e-02  1.950e-02
  9.570e-02  1.144e-01  6.010e-02  5.320e-02 -1.628e-01 -1.388e-01
 -1.489e-01  3.390e-02  6.290e-02  4.000e-02 -1.982e-01 -1.680e-02
 -6.120e-02 -1.580e-02  3.874e-01  3.410e-01 -2.707e-01  7.590e-02
  1.153e-01  1.004e-01 -1.696e-01 -3.605e-01 -5.084e-01 -1.180e-02
 -2.325e-01 -2.304e-01  1.434e-01  2.041e-01 -1.256e-01  8.660e-02
 -1.103e-01  4.200e-03  2.583e-01  2.660e-02  2.942e-01  1.355e-01
 -1.281e-01  2.680e-01  4.500e-03  1.110e-01  2.120e-02  1.411e-01]"
𪎔,"[-6.77000061e-02 -5.85666634e-02  3.34966660e-01  5.27333431e-02
  1.29999721e-03  2.74000019e-02 -1.92466661e-01 -8.51000026e-02
 -2.47333329e-02  1.63400009e-01 -7.03666583e-02  6.43000007e-02
  2.13999990e-02  7.40000093e-03  4.19999994e-02  2.56333351e-02
 -2.52333339e-02  2.10333336e-02  1.19999796e-03  1.83666665e-02
  4.45333309e-02  1.56999994e-02  1.33599997e-01  1.62000004e-02
  1.00333346e-02 -1.36566669e-01  3.03333625e-03 -8.51666704e-02
 -1.19566657e-01  1.03000002e-02  6.95333406e-02 -4.83666658e-02
  1.28966674e-01  7.11999983e-02 -6.98999986e-02 -3.33332777e-04
 -1.81433320e-01 -2.27366641e-01  4.51333337e-02  3.02999970e-02
 -9.99992117e-05  4.24333327e-02  4.69000041e-02 -6.42666593e-02
 -1.07966661e-01  2.62000021e-02 -1.66333336e-02 -4.85666692e-02
  6.47333339e-02 -1.65333319e-02  2.08999962e-02  1.45000005e-02
 -1.59666669e-02 -2.49499992e-01  6.11333288e-02  3.40999961e-02
 -1.25333339e-01 -2.33999994e-02 -8.17333311e-02 -2.30333302e-02
  3.40000051e-03  1.81333330e-02 -4.45999987e-02 -6.28999993e-02
  2.44666655e-02 -1.03033334e-01 -5.40666617e-02  5.73999994e-02
 -7.16999993e-02  1.53000019e-02 -1.43466666e-01 -9.77999941e-02
  4.13333392e-03  3.74999978e-02  5.47333360e-02 -3.80666666e-02
 -1.18166663e-01 -1.99433342e-01  1.09999755e-03  1.99999996e-02
 -1.58766672e-01  3.00666690e-02  1.00600004e-01 -4.12000008e-02
  1.00166671e-01  6.84000030e-02  7.32333288e-02 -3.88333313e-02
  2.67899990e-01  8.92333314e-02 -2.79333349e-02  8.30666646e-02
  4.13333392e-03  6.95666671e-02 -3.23332963e-03  7.28333369e-02
 -1.93333309e-02 -6.44999966e-02  5.74666671e-02 -8.16666707e-02
  5.62000088e-02  7.90333375e-02 -4.85999994e-02 -1.02766670e-01
 -6.64333329e-02 -1.49666667e-02  3.17999981e-02  8.55666623e-02
  6.27999976e-02  5.53999990e-02 -9.22333300e-02  1.04066670e-01
 -5.90000069e-03 -1.43333329e-02  7.05333352e-02  2.83999983e-02
 -6.72666654e-02 -7.16333315e-02 -1.06100000e-01  5.65666705e-02
  5.64000010e-02  4.67666686e-02 -1.79299995e-01  1.32666677e-02
 -4.54666652e-02 -9.06000063e-02 -5.21000028e-02 -1.03666663e-01
  6.87333345e-02 -5.58000021e-02 -2.03000009e-02  1.14000002e-02
 -1.04666678e-02  6.58666641e-02  6.05333336e-02  2.21000016e-02
  3.52333337e-02  1.14766665e-01  6.53666630e-02  5.82333319e-02
 -1.23333314e-03  1.23666674e-01 -1.67766675e-01  4.72333319e-02
  9.65333283e-02 -9.26666632e-02 -3.62333320e-02  3.22000012e-02
 -3.67333330e-02  2.23333370e-02 -1.60666659e-01  1.18233331e-01
  7.66667025e-03 -3.34333368e-02 -5.35999984e-02 -1.29999993e-02
  7.53000006e-02 -3.74000035e-02  2.08666641e-02 -6.93333372e-02
 -8.25999975e-02  4.43666689e-02 -1.08933330e-01 -1.61100015e-01
 -2.68999990e-02 -6.30333349e-02  3.55999991e-02 -5.99000007e-02
  1.69333331e-02  1.83333328e-03  8.99666622e-02 -5.26666641e-03
  4.34666686e-02  5.33332408e-04 -7.77999982e-02 -2.73333341e-02
  4.29666750e-02 -5.27333319e-02 -6.52999952e-02 -9.76999998e-02
 -9.00000036e-02 -3.29266667e-01  4.43000011e-02  5.23333363e-02
 -6.67999983e-02  2.18499973e-01 -8.96666292e-03  1.47333341e-02
 -7.46333376e-02  4.45433348e-01 -1.92999989e-02 -2.74933338e-01
 -3.42000015e-02 -9.41666663e-02 -1.56666711e-03 -3.25333290e-02
 -2.59999675e-03 -6.03666641e-02 -5.96666671e-02  1.30333342e-02
 -1.32566676e-01 -3.18999998e-02 -4.06333320e-02  2.46666670e-02
  4.76666577e-02 -2.29333341e-02  7.89999962e-03  6.89333305e-02
  1.01200007e-01 -5.19666672e-02  1.24399997e-01 -2.10999995e-02
  1.24733329e-01 -2.17599988e-01 -1.51500002e-01 -4.39333320e-02
  4.34999950e-02  8.99999961e-03 -1.86333340e-02 -5.03333360e-02
  6.86666602e-03 -1.05699994e-01 -1.64000019e-02  9.69000086e-02
 -2.78000031e-02 -2.32999995e-02 -1.11333327e-02  6.23666644e-02
  4.06999998e-02  2.56233335e-01  3.96666676e-03  5.33333302e-01
  1.34633332e-01  2.71333326e-02  2.91333348e-02  3.83000001e-02
 -1.88366652e-01 -1.28999995e-02  7.19000027e-02  4.97333370e-02
 -3.49333324e-02  8.59666690e-02  3.67000028e-02  3.40000018e-02
 -1.01333342e-01 -6.13333518e-03  6.49333373e-02  1.07333316e-02
  5.07666655e-02 -8.33333358e-02  2.92666648e-02  8.57666656e-02
 -3.26333344e-02  7.73333339e-03 -3.72000001e-02 -2.59666666e-02
  5.74000031e-02 -3.41333337e-02 -5.82666658e-02 -2.39999848e-03
 -4.58333381e-02  1.26766667e-01 -6.25000000e-02  2.16666609e-03
 -1.73999984e-02  5.94666712e-02  4.80999947e-02  9.13999975e-02
  9.00333300e-02 -1.20000041e-03 -7.12333322e-02  5.75333275e-02
  1.88333318e-02  1.62266672e-01 -4.87000048e-02 -8.69999900e-02
 -1.21900000e-01 -2.35333350e-02  7.00000003e-02 -2.60000047e-03
 -2.55199999e-01  2.38266662e-01 -2.41333339e-02 -9.14333388e-02
  1.02533333e-01 -1.83999985e-02  9.33334231e-04 -2.35000011e-02
  3.94999981e-02 -1.34333335e-02 -8.75333250e-02  1.55500010e-01
 -7.23333657e-03  8.63333326e-03  2.68833309e-01 -2.72666663e-02
 -1.09166659e-01 -7.22999945e-02 -5.13000004e-02 -9.12999883e-02]"
𪎗,"[-7.020e-02 -2.510e-02  2.200e-01 -1.151e-01  1.009e-01  2.990e-02
 -3.078e-01  9.300e-02 -1.935e-01 -1.642e-01 -7.120e-02  3.194e-01
 -3.100e-02 -1.211e-01 -1.039e-01  1.867e-01  1.611e-01  1.961e-01
 -5.630e-02  2.811e-01 -1.170e-02  1.748e-01 -7.880e-02  7.000e-04
  2.199e-01 -2.237e-01 -6.437e-01  1.447e-01 -1.550e-01  2.587e-01
  1.639e-01 -1.289e-01 -1.807e-01  1.375e-01 -1.210e-02  3.570e-02
  9.300e-02  1.820e-02  4.480e-02  1.021e-01 -4.760e-02 -1.236e-01
  1.169e-01  1.525e-01 -7.980e-02 -1.169e-01  8.560e-02 -1.010e-02
  2.346e-01 -1.381e-01  5.218e-01  5.880e-02 -4.030e-02 -8.500e-03
  6.800e-02  6.460e-02 -1.795e-01 -1.204e-01 -5.110e-02  1.140e-02
 -2.924e-01 -2.341e-01  3.130e-02 -8.470e-02 -1.795e-01  2.800e-02
 -1.829e-01  1.311e-01 -1.470e-02 -2.744e-01 -2.759e-01  1.670e-02
  1.499e-01 -1.125e-01 -1.397e-01  2.360e-02 -2.293e-01  1.025e-01
 -4.480e-02  2.174e-01 -1.009e-01  2.243e-01  1.470e-01 -2.120e-02
  4.070e-02  5.640e-02 -2.639e-01  1.563e-01  1.097e-01  1.487e-01
  8.820e-02 -1.167e-01  2.150e-02 -2.610e-02  3.800e-03  1.479e-01
  2.019e-01 -3.450e-02 -4.259e-01  2.691e-01  1.095e-01 -2.021e-01
  3.310e-02  6.090e-02 -2.754e-01  3.589e-01  3.081e-01 -1.833e-01
  1.484e-01 -6.040e-02  2.136e-01  1.688e-01  2.217e-01  1.196e-01
 -9.980e-02  6.610e-02 -3.970e-02  1.815e-01 -3.220e-02  1.711e-01
  3.329e-01 -5.800e-03 -7.010e-02  1.890e-01 -1.170e-02  1.695e-01
  8.230e-02 -1.793e-01  2.830e-02 -1.283e-01 -1.177e-01  3.062e-01
  9.100e-02 -1.171e-01 -1.900e-03  1.778e-01 -1.410e-02 -1.235e-01
 -1.567e-01 -2.600e-02 -1.004e-01  8.700e-03 -6.890e-02 -3.820e-02
  4.000e-02 -1.200e-01  1.200e-02 -1.760e-01 -2.460e-02  2.550e-02
  5.407e-01 -4.172e-01 -1.440e-01 -1.258e-01 -1.241e-01 -8.180e-02
 -1.149e-01 -1.105e-01 -2.067e-01  9.200e-03  1.393e-01  5.690e-02
  9.620e-02 -1.220e-02  1.972e-01  1.726e-01  1.698e-01  1.807e-01
  7.500e-02 -6.300e-03 -2.760e-02  2.345e-01  2.166e-01 -6.250e-02
 -1.471e-01 -1.610e-02 -1.400e-02  6.150e-02 -1.008e-01 -1.765e-01
  2.504e-01  2.260e-01  1.780e-01 -3.530e-02 -6.000e-02 -7.510e-02
  3.170e-02 -5.090e-02 -4.506e-01  5.527e-01  2.662e-01 -2.290e-02
 -5.020e-02 -6.730e-02 -2.610e-02  3.350e-02  2.436e-01 -1.500e-03
 -1.009e-01 -1.454e-01 -2.079e-01  1.440e-01 -8.980e-02  2.603e-01
 -6.150e-02  4.400e-03  1.560e-02 -1.925e-01  8.200e-03 -1.361e-01
 -5.070e-02  2.086e-01  3.500e-02 -3.588e-01 -5.500e-02 -8.240e-02
  5.240e-02  1.162e-01  1.260e-01 -1.710e-02  3.513e-01  9.080e-02
 -8.130e-02  4.200e-02 -3.268e-01  1.151e-01 -2.401e-01 -4.210e-02
 -3.290e-01  2.487e-01 -2.490e-02  7.778e-01  2.202e-01  1.694e-01
 -3.440e-02  3.850e-02  2.159e-01  1.870e-01  2.051e-01 -1.448e-01
 -3.432e-01  5.630e-02 -2.149e-01 -1.650e-01 -3.620e-02  2.537e-01
 -8.600e-02 -1.623e-01 -1.738e-01  2.429e-01  2.073e-01  1.660e-02
 -9.630e-02  9.980e-02 -1.620e-02 -4.930e-02 -2.238e-01  1.888e-01
 -1.486e-01 -9.010e-02  1.925e-01  4.930e-02  1.435e-01 -3.840e-01
  8.060e-02  2.828e-01  5.000e-02  9.800e-03 -3.486e-01  1.180e-02
 -2.290e-02 -5.860e-02 -3.653e-01  1.592e-01  2.749e-01  1.980e-02
 -1.151e-01 -6.200e-02  1.646e-01  9.800e-03 -4.175e-01  3.004e-01
 -1.425e-01  1.732e-01  3.930e-02  2.567e-01 -2.450e-02  2.529e-01
  3.279e-01  2.490e-02  6.430e-02 -4.249e-01  4.570e-02  9.110e-02
  1.561e-01  1.320e-01  7.200e-02  1.300e-02 -4.530e-02 -1.310e-02]"
𪎛,"[-2.09500000e-01 -5.16000018e-02  2.55400002e-01  1.60799995e-01
 -2.65500005e-02  4.06000018e-02 -8.48999992e-02 -7.86499977e-02
  4.14999994e-03  8.24500024e-02 -8.09499994e-02  1.31799996e-01
 -1.46500003e-02  1.00850001e-01  8.15500021e-02  1.29549995e-01
 -2.12549999e-01 -1.92499999e-02  2.41000000e-02  1.19000003e-02
  1.64450005e-01 -5.15000010e-03  2.57600009e-01  1.39349997e-01
  1.96499992e-02 -6.30000010e-02 -3.36450011e-01  2.84499992e-02
 -4.93000001e-02 -2.68500000e-02  1.20999999e-02  3.75000015e-02
  1.02100000e-01 -4.12000008e-02 -4.03999984e-02 -8.66499990e-02
 -1.36000002e-02 -1.02550000e-01  6.58999979e-02 -7.25999996e-02
  1.46149993e-01  1.00249998e-01  2.41999999e-01 -1.37850001e-01
  2.10999995e-02 -5.16000018e-02 -2.11349994e-01  6.38500005e-02
 -3.70000005e-02 -1.50649995e-01  4.89000008e-02 -5.65499999e-02
  2.37299994e-01  3.11699986e-01  7.22000003e-02  3.74999992e-03
  1.80849999e-01 -7.50499964e-02 -8.51500034e-02 -1.09150000e-01
 -1.44999996e-02  8.65999982e-02 -8.08999985e-02 -1.91550002e-01
 -1.86500009e-02 -7.22500011e-02  5.95000014e-02  9.93499979e-02
  6.60500005e-02  3.00500002e-02 -3.35000008e-02  1.93000004e-01
 -1.56299993e-01 -2.96500009e-02 -4.17499989e-02  1.78250000e-01
  2.68649995e-01  2.70000011e-01 -2.47199997e-01 -7.44000003e-02
 -2.36000009e-02  6.53500035e-02 -3.57999988e-02  2.28799999e-01
 -1.91750005e-01  6.32499978e-02  2.50499994e-02 -2.20750004e-01
  9.57499966e-02  8.42999965e-02 -8.86000022e-02 -6.64999988e-03
  4.30499986e-02  2.11500004e-02 -2.00999994e-02 -1.90799996e-01
  5.42000011e-02  6.55499995e-02  5.88500015e-02 -1.66600004e-01
 -1.87849998e-01 -1.03500001e-01  1.19000003e-02  1.17600001e-01
  5.26500009e-02 -1.60449997e-01  2.40000011e-03 -1.78999994e-02
 -9.20500010e-02  6.01999983e-02  2.20149994e-01 -8.70000012e-03
 -7.05000013e-02  2.55999994e-02 -1.24899998e-01  4.39000018e-02
  1.59500003e-01  4.31500003e-02 -6.71499968e-02 -7.39500001e-02
  6.66500032e-02  3.83000001e-02 -5.05999997e-02  1.78650007e-01
  2.45000003e-03 -6.55000005e-03  2.34999992e-02 -8.79999995e-02
  7.24000037e-02  3.84499989e-02 -3.82600009e-01  1.06100000e-01
 -1.43050000e-01  9.84999985e-02  7.18500018e-02 -4.28999998e-02
 -7.22000003e-02  3.36499996e-02 -1.38349995e-01 -1.62149996e-01
  1.66500006e-02 -3.71499993e-02  2.48499997e-02 -1.37000000e-02
  2.45999992e-02  2.34650001e-01  2.04499997e-02  7.25999996e-02
  9.93499979e-02  1.86900005e-01  3.44499983e-02 -9.56500024e-02
 -1.98449999e-01 -7.27500021e-02 -5.27000017e-02  3.17000002e-02
  1.45699993e-01 -2.15749994e-01  1.29000004e-02 -2.93850005e-01
  9.98999998e-02  9.08999965e-02  1.08499996e-01  5.53999990e-02
 -5.33999987e-02  1.36700004e-01  3.41500007e-02 -1.13949999e-01
 -1.11199997e-01 -1.04350001e-01 -2.08000001e-02  1.25349998e-01
 -9.30000003e-03  8.98000002e-02  1.44700006e-01 -5.41500002e-02
 -1.13899998e-01  1.67750001e-01 -6.53000027e-02  6.76999986e-02
  4.66499999e-02 -2.47299999e-01  6.75000018e-03 -7.41500035e-02
 -2.31500007e-02 -6.75000018e-03 -4.00000019e-03  5.63500002e-02
 -4.59499992e-02  2.57800013e-01  4.91999984e-02 -4.99999987e-05
  1.70750007e-01  1.19000003e-02  4.33499999e-02 -6.08000010e-02
  2.40449995e-01 -1.63499996e-01  2.09700003e-01 -1.84000004e-02
 -6.81499988e-02 -1.83799997e-01  5.15500009e-02  2.04000007e-02
  1.02399997e-01  3.29999998e-03 -4.80000023e-03  1.89999994e-02
 -7.00000022e-03 -6.54999986e-02  1.93749994e-01  1.75999999e-02
 -8.49500000e-02  8.21999982e-02  2.61000004e-02 -1.62750006e-01
 -3.70999984e-02  3.21500003e-02 -6.28499985e-02  1.55650005e-01
  7.60999992e-02 -4.83999997e-02 -1.48100004e-01  4.85499986e-02
  1.28600001e-01 -2.68500000e-02 -1.50549993e-01  3.03000007e-02
 -2.18000002e-02 -1.43500000e-01 -1.08300000e-01  5.99500000e-01
  8.37500021e-02  3.90000008e-02  2.50000012e-04 -8.61499980e-02
  1.93499997e-02 -1.41249999e-01  1.85650006e-01  5.53499982e-02
 -1.34049997e-01  1.04000000e-02  1.93000007e-02  1.09000001e-02
 -2.00500004e-02  2.85000005e-03  8.50000046e-03 -4.99999987e-05
 -2.69499999e-02  5.99999987e-02 -1.80199996e-01  1.49200007e-01
 -1.96050003e-01 -6.84499964e-02  3.32500003e-02 -6.59999996e-02
 -1.15999999e-02  1.40450001e-01  6.20000018e-03  7.05500022e-02
  6.93499967e-02  1.85499992e-02 -9.66000035e-02  1.78999994e-02
  3.00000003e-03  1.32550001e-01 -1.15800001e-01  9.31499973e-02
  5.86000010e-02  1.70300007e-01 -2.38399997e-01 -4.08999994e-02
 -1.34450004e-01 -1.81299999e-01  1.86700001e-01  3.40000018e-02
 -1.30199999e-01 -1.99249998e-01 -2.48000007e-02 -5.22500016e-02
 -5.15500009e-02 -1.73649997e-01 -6.57000020e-02 -1.05250001e-01
 -5.98499998e-02 -6.62999973e-02 -1.16899997e-01 -1.16149999e-01
 -6.40000030e-02 -1.27749994e-01 -8.58500004e-02  9.73500013e-02
  3.02000009e-02  1.14100002e-01 -1.94350004e-01 -6.44500032e-02
 -9.75499973e-02  1.14850000e-01 -2.10500006e-02 -2.29249999e-01]"
𪎝,"[ 9.17666629e-02 -2.95666680e-02  3.15166652e-01  9.64000002e-02
  7.36666694e-02 -1.34366676e-01  1.06433332e-01  1.45666646e-02
  1.46433339e-01  8.10000021e-03 -4.76999991e-02  5.37000000e-02
 -1.69000011e-02  4.94999997e-02  1.09666660e-02  3.16666663e-02
  8.09666738e-02  1.05999997e-02 -1.38400003e-01  1.57899991e-01
  1.46799996e-01 -5.61999977e-02  1.31999999e-02  1.85333323e-02
  4.26666625e-02 -3.46666644e-03 -1.23299994e-01 -4.24333364e-02
  8.72000083e-02  6.21000044e-02  1.02866657e-01 -6.78999946e-02
  9.79999974e-02  2.07266673e-01  4.25000004e-02 -7.90666714e-02
  1.61033347e-01 -1.11933328e-01 -1.79999992e-02  8.82000029e-02
  3.13333347e-02 -1.78666655e-02 -1.88666638e-02 -8.57666656e-02
  4.34333347e-02  1.43433332e-01  1.09766670e-01  3.35333310e-02
 -4.88333292e-02  3.66666674e-04  4.79999976e-03  3.80666666e-02
 -1.71800002e-01 -1.50233328e-01 -2.44999994e-02 -8.40000063e-03
  1.59899995e-01 -1.81866691e-01  2.89666653e-02 -4.60666679e-02
  8.44333395e-02 -2.04199985e-01  4.45999987e-02  7.46333301e-02
 -2.96666715e-02  7.05333278e-02  8.09333324e-02 -6.58333376e-02
  5.88333309e-02 -8.56666733e-03 -5.82999997e-02  2.06866682e-01
 -9.25333276e-02  1.39066666e-01  1.06833339e-01 -1.17433332e-01
 -1.87666658e-02  1.12033330e-01  1.22933328e-01  6.18666671e-02
 -1.12033337e-01  6.51333332e-02  1.09366663e-01 -1.31299987e-01
  7.08333328e-02 -5.78666665e-02 -9.73333418e-03  4.16666642e-03
  1.38666676e-02 -3.23999971e-02 -1.30266666e-01 -1.55833319e-01
  3.13666649e-02 -1.02333330e-01  4.79999930e-03 -1.89333335e-02
  5.67999966e-02  2.08666679e-02  6.45666644e-02  5.59666641e-02
  3.97999994e-02 -6.88666627e-02  1.39066666e-01  5.79333305e-02
 -2.96333414e-02  1.17266677e-01 -1.66533336e-01  6.61999956e-02
  8.40666667e-02  4.90000052e-03 -9.91666615e-02  7.42333308e-02
 -6.35333359e-02 -4.00000028e-02 -1.11333327e-02 -3.48999985e-02
 -3.10000032e-03 -2.50333343e-02 -8.16000029e-02 -7.43333390e-03
 -1.33033335e-01  8.91666636e-02  1.62500009e-01 -5.64666651e-02
  4.46666665e-02 -2.08333340e-02  5.88666685e-02  1.79366663e-01
 -8.83333310e-02 -1.07799999e-01 -1.16200000e-01 -8.60666633e-02
 -1.68333337e-01  1.71000004e-01  1.68400005e-01 -6.27000034e-02
  1.32366657e-01  2.93333083e-03  9.40000173e-03 -9.65333357e-02
  2.43333336e-02  3.21333297e-02 -1.00066662e-01  1.99333299e-02
  7.35666677e-02 -7.63333365e-02  4.20333333e-02 -9.57666636e-02
  2.01333333e-02  6.31333292e-02  1.74099997e-01  2.66666654e-02
  1.43133327e-01  1.92699984e-01  1.89999735e-03 -6.04333319e-02
 -1.52866662e-01  4.29333299e-02  2.08333340e-02 -2.81333309e-02
  4.80666645e-02 -1.05266668e-01 -1.88566670e-01  6.28666654e-02
 -9.97666717e-02 -1.10999988e-02  4.21999991e-02 -1.73666663e-02
  4.35999967e-02  3.99996847e-04  6.29333332e-02  9.06333402e-02
  2.22666692e-02 -1.32266656e-01  2.91333348e-02  1.19999924e-03
 -6.09999895e-03 -5.83333382e-03 -9.76000056e-02 -9.21000019e-02
  3.55333351e-02 -1.45700008e-01  4.44999970e-02  6.70666695e-02
 -7.23000020e-02 -1.10933334e-01 -1.48666678e-02  1.43333338e-02
 -1.32933334e-01  1.93933323e-01  3.73666659e-02  9.10333395e-02
 -3.86666656e-02  5.01333326e-02 -1.63033351e-01 -4.66664642e-04
  1.70000142e-03  8.83333385e-03 -4.26333360e-02 -4.85666692e-02
 -4.93333256e-03 -5.16333319e-02  1.13333261e-03 -9.75000039e-02
 -4.74999994e-02 -4.53333324e-03 -3.44333313e-02  1.20099999e-01
 -5.06666638e-02  7.10666552e-02 -6.83333213e-03 -7.15999976e-02
 -3.07666659e-02 -5.92666678e-02 -2.16333326e-02  1.68733343e-01
  4.23333282e-03  6.33333519e-04 -1.07666671e-01  9.42333341e-02
  6.47666678e-02  1.15599997e-01 -2.51000021e-02  1.59633338e-01
  1.47666663e-01 -1.75866663e-01  1.05333328e-02 -2.07733333e-01
 -2.60666665e-02  1.21433325e-01 -9.89999995e-03  8.10233295e-01
 -1.36233330e-01  1.73166677e-01  8.33333284e-03  2.29999912e-03
  5.91333322e-02  5.16666658e-02 -8.66666902e-03 -3.79333310e-02
  5.66666573e-03 -1.21399999e-01  3.30333337e-02 -8.49666670e-02
  5.35666682e-02 -2.72399992e-01  1.10233329e-01  1.72233343e-01
 -9.29333344e-02  6.30333349e-02  1.53333449e-03  8.40666667e-02
 -2.27666665e-02 -5.97333349e-02 -7.50000030e-03 -1.86666660e-03
  3.17666642e-02  1.56000005e-02  7.49333277e-02 -3.43999974e-02
  7.16666738e-03 -7.69999996e-02  2.49666721e-02  2.25333348e-02
  7.16666738e-03  6.52666762e-02  1.57333329e-01  6.39999956e-02
 -4.90333326e-02 -3.68666686e-02  4.16000001e-02 -1.00000005e-03
  1.58500001e-01 -5.35666645e-02  9.20333341e-02  6.34666681e-02
 -7.40666687e-02  5.48333339e-02 -1.03666663e-01  2.57000010e-02
 -3.81266683e-01  4.59333360e-02 -2.74666678e-02  5.55000044e-02
  1.38400003e-01 -7.21666738e-02 -1.17266677e-01  2.54666638e-02
 -6.43666610e-02  2.27333326e-02  5.38666695e-02 -4.01333384e-02
  7.48333335e-02  1.61666676e-01  8.48666653e-02 -1.76199988e-01
 -9.51333344e-02  3.71666700e-02  1.51333334e-02  3.64000015e-02]"
𪎞,"[ 1.486e-01  9.250e-02  3.156e-01  1.266e-01 -2.670e-02 -4.930e-02
  3.740e-02 -1.810e-02  1.136e-01  1.510e-01 -2.650e-02 -2.520e-02
  3.230e-02 -7.400e-03 -5.380e-02  1.041e-01 -2.584e-01 -2.115e-01
 -1.571e-01  3.307e-01 -1.470e-02  1.322e-01 -5.950e-02  5.900e-02
  3.999e-01  1.033e-01  6.410e-02  1.814e-01 -1.534e-01 -4.790e-02
 -1.390e-02 -2.219e-01 -3.130e-02 -7.190e-02  4.080e-02  1.443e-01
  1.882e-01 -2.983e-01 -1.643e-01  1.083e-01  1.258e-01 -1.358e-01
  4.310e-02 -5.800e-02 -8.410e-02  1.574e-01  1.201e-01 -1.003e-01
 -2.792e-01 -2.131e-01  7.790e-02 -4.264e-01 -1.230e-01 -1.544e-01
  1.094e-01  1.563e-01 -6.550e-02 -1.704e-01  6.000e-03  6.900e-03
  3.553e-01  8.600e-03 -2.342e-01 -1.940e-02 -1.870e-02 -3.580e-02
 -6.460e-02 -1.262e-01  1.277e-01  1.828e-01 -4.890e-02 -9.130e-02
 -3.330e-02 -2.278e-01 -4.890e-02 -2.320e-01 -7.780e-02 -5.600e-02
 -2.308e-01  7.260e-02 -1.774e-01 -3.830e-02  3.970e-01  1.179e-01
  1.554e-01 -2.026e-01 -1.320e-01 -2.210e-02  3.301e-01  1.920e-01
 -2.550e-01  2.243e-01  2.591e-01 -4.460e-02  1.666e-01  2.038e-01
  2.896e-01 -8.800e-03 -1.097e-01  7.470e-02  3.362e-01 -1.418e-01
 -2.300e-02 -8.000e-03 -3.771e-01  1.520e-02 -1.823e-01  3.800e-02
 -2.709e-01  1.578e-01 -2.080e-01 -1.648e-01 -1.076e-01 -1.252e-01
 -1.672e-01 -2.069e-01 -1.233e-01 -6.320e-02 -3.775e-01 -6.520e-02
  1.431e-01  6.500e-02  1.501e-01 -3.660e-02  4.280e-02 -8.770e-02
 -1.123e-01 -1.728e-01 -7.950e-02 -2.915e-01  6.310e-02  1.122e-01
 -3.253e-01  2.741e-01 -1.930e-01 -3.340e-02  4.320e-02  6.154e-01
  8.380e-02 -9.800e-02  6.910e-02 -1.043e-01 -4.749e-01  5.090e-02
  7.050e-02 -7.740e-02  2.280e-02 -1.365e-01 -1.206e-01 -7.240e-02
 -9.900e-02 -1.800e-03  2.530e-02  3.068e-01 -6.890e-02 -8.800e-02
  1.600e-03 -8.880e-02 -3.010e-02  3.470e-02  1.494e-01 -7.470e-02
 -2.670e-02  3.140e-01 -3.920e-02  4.120e-02 -2.760e-02 -1.787e-01
 -2.433e-01 -1.500e-02 -1.080e-01 -1.695e-01 -4.860e-02  2.927e-01
 -1.115e-01 -9.240e-02 -5.310e-02 -1.835e-01 -9.750e-02  9.390e-02
  2.658e-01  1.574e-01  8.770e-02  3.113e-01  5.170e-02  1.500e-03
  1.167e-01  1.847e-01 -4.080e-02  3.629e-01 -2.916e-01  1.580e-01
 -1.139e-01  2.228e-01 -2.510e-01 -9.020e-02  1.548e-01  1.175e-01
  2.090e-02  1.300e-02  1.045e-01  1.830e-02 -2.340e-01  5.450e-02
 -1.179e-01  1.014e-01 -1.182e-01 -3.470e-02  8.510e-02 -7.700e-03
  8.560e-02  2.184e-01 -2.140e-01 -2.729e-01 -2.810e-02  1.015e-01
  4.053e-01  1.034e-01 -1.955e-01  1.116e-01 -4.210e-02 -1.763e-01
  2.466e-01 -1.948e-01 -1.166e-01  2.088e-01 -1.611e-01 -1.433e-01
  1.720e-02  2.711e-01 -1.460e-02  7.058e-01  1.851e-01 -4.620e-02
 -5.300e-03  1.165e-01 -1.224e-01  2.186e-01  6.530e-02 -6.230e-02
 -6.980e-02  2.356e-01  3.640e-02  9.840e-02 -5.950e-02  2.630e-02
 -3.370e-02  1.951e-01  7.970e-02 -1.310e-02  2.310e-02  1.270e-01
 -6.600e-02  4.000e-04 -2.341e-01  8.410e-02  1.016e-01  1.320e-02
 -2.145e-01  2.641e-01 -1.790e-02  1.430e-02 -3.358e-01 -2.230e-02
 -1.437e-01  3.260e-02 -1.730e-02  2.513e-01 -3.000e-03 -3.750e-02
  1.610e-02 -8.740e-02  3.413e-01  9.220e-02  2.353e-01 -3.594e-01
  1.219e-01  8.420e-02 -1.207e-01 -3.149e-01 -4.368e-01  1.849e-01
 -1.250e-01 -2.235e-01  9.290e-02  1.166e-01  4.740e-02 -1.996e-01
 -6.030e-02  1.681e-01 -2.306e-01 -6.770e-02  2.326e-01  1.618e-01
  1.657e-01 -1.279e-01 -8.440e-02 -1.409e-01 -4.880e-02 -2.360e-02]"
𪎣,"[ 1.486e-01  9.250e-02  3.156e-01  1.266e-01 -2.670e-02 -4.930e-02
  3.740e-02 -1.810e-02  1.136e-01  1.510e-01 -2.650e-02 -2.520e-02
  3.230e-02 -7.400e-03 -5.380e-02  1.041e-01 -2.584e-01 -2.115e-01
 -1.571e-01  3.307e-01 -1.470e-02  1.322e-01 -5.950e-02  5.900e-02
  3.999e-01  1.033e-01  6.410e-02  1.814e-01 -1.534e-01 -4.790e-02
 -1.390e-02 -2.219e-01 -3.130e-02 -7.190e-02  4.080e-02  1.443e-01
  1.882e-01 -2.983e-01 -1.643e-01  1.083e-01  1.258e-01 -1.358e-01
  4.310e-02 -5.800e-02 -8.410e-02  1.574e-01  1.201e-01 -1.003e-01
 -2.792e-01 -2.131e-01  7.790e-02 -4.264e-01 -1.230e-01 -1.544e-01
  1.094e-01  1.563e-01 -6.550e-02 -1.704e-01  6.000e-03  6.900e-03
  3.553e-01  8.600e-03 -2.342e-01 -1.940e-02 -1.870e-02 -3.580e-02
 -6.460e-02 -1.262e-01  1.277e-01  1.828e-01 -4.890e-02 -9.130e-02
 -3.330e-02 -2.278e-01 -4.890e-02 -2.320e-01 -7.780e-02 -5.600e-02
 -2.308e-01  7.260e-02 -1.774e-01 -3.830e-02  3.970e-01  1.179e-01
  1.554e-01 -2.026e-01 -1.320e-01 -2.210e-02  3.301e-01  1.920e-01
 -2.550e-01  2.243e-01  2.591e-01 -4.460e-02  1.666e-01  2.038e-01
  2.896e-01 -8.800e-03 -1.097e-01  7.470e-02  3.362e-01 -1.418e-01
 -2.300e-02 -8.000e-03 -3.771e-01  1.520e-02 -1.823e-01  3.800e-02
 -2.709e-01  1.578e-01 -2.080e-01 -1.648e-01 -1.076e-01 -1.252e-01
 -1.672e-01 -2.069e-01 -1.233e-01 -6.320e-02 -3.775e-01 -6.520e-02
  1.431e-01  6.500e-02  1.501e-01 -3.660e-02  4.280e-02 -8.770e-02
 -1.123e-01 -1.728e-01 -7.950e-02 -2.915e-01  6.310e-02  1.122e-01
 -3.253e-01  2.741e-01 -1.930e-01 -3.340e-02  4.320e-02  6.154e-01
  8.380e-02 -9.800e-02  6.910e-02 -1.043e-01 -4.749e-01  5.090e-02
  7.050e-02 -7.740e-02  2.280e-02 -1.365e-01 -1.206e-01 -7.240e-02
 -9.900e-02 -1.800e-03  2.530e-02  3.068e-01 -6.890e-02 -8.800e-02
  1.600e-03 -8.880e-02 -3.010e-02  3.470e-02  1.494e-01 -7.470e-02
 -2.670e-02  3.140e-01 -3.920e-02  4.120e-02 -2.760e-02 -1.787e-01
 -2.433e-01 -1.500e-02 -1.080e-01 -1.695e-01 -4.860e-02  2.927e-01
 -1.115e-01 -9.240e-02 -5.310e-02 -1.835e-01 -9.750e-02  9.390e-02
  2.658e-01  1.574e-01  8.770e-02  3.113e-01  5.170e-02  1.500e-03
  1.167e-01  1.847e-01 -4.080e-02  3.629e-01 -2.916e-01  1.580e-01
 -1.139e-01  2.228e-01 -2.510e-01 -9.020e-02  1.548e-01  1.175e-01
  2.090e-02  1.300e-02  1.045e-01  1.830e-02 -2.340e-01  5.450e-02
 -1.179e-01  1.014e-01 -1.182e-01 -3.470e-02  8.510e-02 -7.700e-03
  8.560e-02  2.184e-01 -2.140e-01 -2.729e-01 -2.810e-02  1.015e-01
  4.053e-01  1.034e-01 -1.955e-01  1.116e-01 -4.210e-02 -1.763e-01
  2.466e-01 -1.948e-01 -1.166e-01  2.088e-01 -1.611e-01 -1.433e-01
  1.720e-02  2.711e-01 -1.460e-02  7.058e-01  1.851e-01 -4.620e-02
 -5.300e-03  1.165e-01 -1.224e-01  2.186e-01  6.530e-02 -6.230e-02
 -6.980e-02  2.356e-01  3.640e-02  9.840e-02 -5.950e-02  2.630e-02
 -3.370e-02  1.951e-01  7.970e-02 -1.310e-02  2.310e-02  1.270e-01
 -6.600e-02  4.000e-04 -2.341e-01  8.410e-02  1.016e-01  1.320e-02
 -2.145e-01  2.641e-01 -1.790e-02  1.430e-02 -3.358e-01 -2.230e-02
 -1.437e-01  3.260e-02 -1.730e-02  2.513e-01 -3.000e-03 -3.750e-02
  1.610e-02 -8.740e-02  3.413e-01  9.220e-02  2.353e-01 -3.594e-01
  1.219e-01  8.420e-02 -1.207e-01 -3.149e-01 -4.368e-01  1.849e-01
 -1.250e-01 -2.235e-01  9.290e-02  1.166e-01  4.740e-02 -1.996e-01
 -6.030e-02  1.681e-01 -2.306e-01 -6.770e-02  2.326e-01  1.618e-01
  1.657e-01 -1.279e-01 -8.440e-02 -1.409e-01 -4.880e-02 -2.360e-02]"
𪎤,"[-1.85000002e-02  5.57999983e-02  2.42600009e-01 -2.23299995e-01
 -8.74999911e-03  5.84499985e-02 -1.16149999e-01 -6.71999976e-02
 -3.12900007e-01  7.94499964e-02 -5.01499996e-02 -9.35000088e-03
 -5.77000007e-02 -4.34999987e-02  8.43000039e-02  9.17500034e-02
  1.22500006e-02 -1.59999989e-02  5.75999990e-02  6.45499974e-02
 -7.91999996e-02  5.59000000e-02  9.34499949e-02  4.84500006e-02
 -1.21550001e-01  1.53999999e-01  1.42350003e-01 -1.63300008e-01
 -2.23500002e-02 -2.81000007e-02 -1.19000003e-02 -8.12999979e-02
 -1.42150015e-01  1.68399990e-01  4.90499996e-02  1.59499999e-02
 -1.03450000e-01 -2.69500017e-01 -5.75000010e-02 -5.20000011e-02
  1.46100000e-01  6.97500035e-02 -5.13500012e-02  2.27999985e-02
 -4.91999984e-02  3.69000025e-02  3.62000018e-02  1.83499996e-02
  2.76950002e-01 -1.58749998e-01  4.19999994e-02  8.64999965e-02
 -1.22000007e-02 -7.30849981e-01 -2.64500007e-02 -3.14999977e-03
  9.80000012e-03  1.64999999e-03 -3.33999991e-02 -8.24999996e-03
 -1.61050007e-01 -3.17500010e-02  2.35500000e-02  6.70000017e-02
  2.80000009e-02  4.33499962e-02  1.90799996e-01 -5.74999955e-03
 -7.26999938e-02 -1.45000033e-03 -1.24550007e-01  1.97849989e-01
  5.39000034e-02  1.02550000e-01  2.43499987e-02 -1.22999996e-02
 -1.56300008e-01  2.76500005e-02  1.13450006e-01 -2.15750009e-01
  2.54449993e-01  4.84500006e-02  4.16500010e-02  6.11499995e-02
  2.19999952e-03 -1.29699990e-01  2.62750000e-01  1.62349999e-01
 -1.53500000e-02  9.31999981e-02 -1.48800001e-01 -7.05000013e-02
  8.28000009e-02 -5.41500002e-02 -8.15000013e-02  2.22049996e-01
 -9.83500034e-02  3.62999998e-02 -9.15000029e-03  2.11000014e-02
 -3.32249999e-01 -7.32499957e-02 -4.56499979e-02 -1.07999966e-02
  1.26449987e-01  2.35650003e-01  1.23999994e-02  4.66999970e-02
 -7.71500021e-02  4.38500009e-02  2.68999990e-02 -1.74000002e-02
  1.13250002e-01  9.17500034e-02  5.88000007e-02  4.93999980e-02
 -1.00650005e-01 -1.20550007e-01 -5.12000024e-02  3.68999988e-02
  9.87499952e-02  9.61499959e-02  1.46950006e-01 -6.42499998e-02
  5.13499975e-02 -1.41900003e-01 -5.41500002e-02  2.45350003e-01
  4.35499996e-02 -2.17499994e-02  4.28000018e-02  2.32500006e-02
 -1.40500003e-02 -6.52000010e-02  1.93100005e-01  1.69500008e-01
  1.19399995e-01  2.70000007e-03  3.51499990e-02 -6.56000003e-02
 -3.23500000e-02 -9.99999978e-03 -6.94499984e-02 -9.50499997e-02
 -4.19999845e-03 -1.24749996e-01  2.59000007e-02 -1.70749992e-01
  1.15599990e-01 -5.62999994e-02  7.69999996e-02  1.06250003e-01
 -4.15499993e-02  9.03999954e-02 -1.06000006e-02 -2.59499997e-02
 -1.23450004e-01  9.04500037e-02 -4.34499979e-02  6.90499991e-02
 -1.11050002e-01  8.75000004e-03  2.76999995e-02 -3.68000008e-02
 -2.69499999e-02 -1.98500007e-02  1.06650002e-01 -1.47550002e-01
  4.04999964e-03  4.39499989e-02 -1.31099999e-01 -3.55000002e-03
 -1.36999991e-02  1.83850005e-01  2.84999982e-03  2.85500009e-02
  6.27999976e-02  1.03500001e-01 -9.05999988e-02  8.24499950e-02
  1.06350005e-01 -5.32950044e-01  1.23200007e-01  1.60899997e-01
 -9.44499969e-02  4.24499959e-02  2.07249999e-01  3.07999998e-02
 -9.39999893e-03  4.42449987e-01  1.25600010e-01  2.45500002e-02
 -4.99000028e-02 -1.29249990e-01 -4.56000008e-02 -7.67499954e-02
 -9.86500010e-02  3.09999939e-03  9.23499987e-02 -2.73050010e-01
  5.12499996e-02  1.80150002e-01  7.04999939e-02 -3.41499969e-02
  3.32999974e-02  3.30000021e-03 -7.11999983e-02 -3.29499990e-02
  1.04149997e-01 -1.77000001e-01 -6.33499995e-02  8.11500028e-02
  2.25999989e-02  6.48500025e-02 -4.90000006e-03 -4.38499972e-02
 -1.41649991e-01 -1.05000008e-03 -2.24050000e-01  1.79999992e-02
  8.94000009e-02  5.29999938e-03  3.57999988e-02 -3.85999978e-02
 -8.80500004e-02  1.94150001e-01  9.68500003e-02 -6.47500008e-02
  4.48499992e-02 -2.07299992e-01  2.04449996e-01  7.00749993e-01
 -1.46500003e-02  5.70000000e-02  6.00000005e-03  4.25999984e-02
  2.53500007e-02 -3.55000049e-03  7.24999979e-03 -8.39999989e-02
 -1.03450000e-01  4.26999964e-02 -1.15750000e-01 -8.29999987e-03
 -2.80500017e-02 -9.61499959e-02  1.27599999e-01 -5.99998981e-04
  5.59999794e-03  1.69950008e-01 -1.93299994e-01  3.54500003e-02
 -5.75999990e-02 -7.35000055e-03  4.28999998e-02  1.42549992e-01
  5.93999997e-02 -4.85999957e-02  5.22499979e-02 -8.41000006e-02
 -5.55000007e-02 -2.11500004e-02  5.37000000e-02  6.74499944e-02
  4.89000008e-02 -1.24199994e-01  3.99999991e-02 -1.04250006e-01
 -2.07499992e-02 -4.82499972e-02 -3.40499990e-02  4.29999977e-02
 -9.88999978e-02  9.02999938e-02  9.74999927e-03  3.53500023e-02
  1.72499999e-01  3.60499993e-02  5.53499982e-02 -1.15150005e-01
 -2.61200011e-01  1.66999996e-02  6.31500036e-02 -2.42699996e-01
 -2.63500009e-02 -1.06799997e-01 -1.02550000e-01 -2.95000002e-02
  2.31849998e-01 -4.30999994e-02  1.35999992e-01 -1.39949992e-01
  1.29649997e-01  2.07000002e-02  2.19300002e-01 -4.15999964e-02
  5.17500006e-02 -8.78500044e-02  1.24499999e-01 -1.27450004e-01]"
𪎦,"[ 0.0160625  -0.0659375   0.4090125   0.0803625   0.0198125  -0.0272875
 -0.0508625   0.0585875   0.10175     0.0235625   0.09945     0.022675
  0.005525    0.0051125   0.024125    0.0414      0.006525   -0.11497499
 -0.094725   -0.043625    0.0911375   0.0059125   0.027825    0.12905
  0.1488     -0.0033875  -0.0176375   0.049875    0.021775   -0.1448
  0.05036251  0.00661249 -0.0227875   0.0278875   0.0163125  -0.069775
 -0.15285    -0.2134875   0.0288625   0.020125    0.050425    0.124975
  0.0725625  -0.0890875   0.0384375  -0.0296     -0.0636375  -0.00695
 -0.0343      0.01345     0.0566      0.0284125   0.066      -0.1642375
  0.06361251 -0.0107     -0.0139125   0.0181625  -0.096575   -0.0728625
 -0.13995     0.03572499 -0.033875   -0.045175   -0.0488875  -0.08408749
  0.0257125   0.0141     -0.025875    0.0398875  -0.087775    0.0512875
  0.0435125   0.005775   -0.0279125  -0.036125   -0.0501375  -0.0672875
 -0.09205    -0.0143375   0.0954875  -0.07447501  0.0246125   0.019425
  0.0827125  -0.035975   -0.013      -0.090675    0.1902625   0.15652499
  0.11534999  0.0555     -0.0184375   0.003925   -0.163175   -0.020375
 -0.0246875   0.005925    0.035875    0.0111      0.1192125   0.1368375
 -0.0381625  -0.27795     0.1315875  -0.041825   -0.0663375  -0.0069375
  0.0215375   0.0238     -0.01325    -0.061225    0.0483     -0.0085625
 -0.0592125  -0.0431125   0.0429625   0.1511125  -0.083125    0.08233751
 -0.0227375   0.033925   -0.0344375  -0.042575   -0.021975   -0.00745
  0.0920125  -0.173325   -0.0176125   0.06945     0.00975    -0.058525
  0.0309375  -0.1524125   0.1240375   0.0397375  -0.141525    0.09858751
  0.052875   -0.0578625  -0.09177501  0.03445    -0.32331252 -0.025125
  0.10493751  0.02905    -0.0111875  -0.0605625  -0.0667875   0.0402125
  0.0180625   0.0673625  -0.0302375   0.0204375  -0.118       0.049225
 -0.0590875  -0.08958749  0.0922125   0.0690375  -0.0209      0.07108749
 -0.10385001 -0.007475   -0.1082     -0.0778375  -0.0527625  -0.0423625
  0.1135625   0.0757875   0.09746251  0.0245875  -0.0613      0.09586249
  0.041575    0.0013125   0.01407499 -0.047       0.0129     -0.09201249
 -0.019775   -0.1926625   0.142775   -0.0372875   0.0720375  -0.060575
 -0.0021375   0.0058125   0.0277375   0.2966625  -0.0082125   0.014975
  0.0086125  -0.00395    -0.014375    0.0626625  -0.016875    0.0528625
  0.09105     0.03105    -0.0726375   0.001125   -0.142175    0.0150125
  0.0718375   0.040725   -0.0114875   0.07455    -0.10425    -0.01415
 -0.015075   -0.16426249 -0.05665     0.0490125  -0.0037625  -0.035375
 -0.0243      0.04655    -0.13235    -0.024125    0.0098375  -0.1909875
  0.0086875   0.0340125  -0.006325    0.001875   -0.0106375  -0.039775
  0.0965625   0.10782502  0.1482625   0.57236254  0.0351125  -0.004075
  0.051       0.018075   -0.04655    -0.06646249  0.03845     0.01955
 -0.1085375   0.0333125   0.0451      0.05955    -0.039075   -0.03115
 -0.1674      0.008625   -0.03033749  0.0175125  -0.044975    0.0301875
 -0.0153125   0.109475   -0.0165875   0.03375001  0.0307375  -0.031325
  0.0648625  -0.081675    0.0505     -0.0190875  -0.0209375  -0.0248125
 -0.024325    0.0909875   0.0093      0.019       0.0711125  -0.02595
 -0.0540625   0.081075    0.0689875  -0.01645     0.1068625  -0.20633751
 -0.14821249  0.0186875  -0.0073     -0.1056375  -0.305275    0.16703749
 -0.0541375   0.04767501  0.04795    -0.0252875  -0.02285     0.0237875
  0.0609375   0.0109375   0.00455     0.0477     -0.036525    0.0242875
  0.0080625   0.072525   -0.0107625  -0.034675   -0.0142375   0.0227375 ]"
𪎨,"[ 3.88499983e-02  4.33499999e-02  6.60500005e-02  4.49999992e-04
 -1.30000000e-03  1.43499998e-02 -4.10499983e-02  6.44500032e-02
  7.95000046e-03  4.98000011e-02 -1.34500004e-02  2.85500009e-02
  7.82999992e-02 -1.10499999e-02  5.12499996e-02 -1.35000004e-03
  1.75000001e-02 -1.18000004e-02  4.06499989e-02  3.03499997e-02
  2.23999992e-02 -1.68999992e-02 -1.30500002e-02 -1.24999997e-03
 -2.74999999e-02  3.07500008e-02  1.37000000e-02  4.43000011e-02
  1.46000003e-02  7.74999987e-03  1.99999996e-02 -4.19499986e-02
  3.15500014e-02  1.54999997e-02  2.51000002e-02  6.37499988e-02
  1.25000002e-02  2.10999995e-02 -1.06849998e-01  5.39500006e-02
  5.17500006e-02  5.40000014e-03  4.35000006e-03 -1.40000004e-02
 -1.64500009e-02  1.13650002e-01  1.71000004e-01 -7.40500018e-02
 -1.76999997e-02 -1.55499997e-02 -3.08500007e-02  1.63000003e-02
 -7.28000030e-02  2.07499992e-02  2.79999990e-03 -3.40999998e-02
 -5.34499995e-02 -4.75500003e-02  2.37000007e-02 -5.36499992e-02
  5.49499989e-02  2.26000007e-02  2.10999995e-02  1.20999999e-02
 -5.35000004e-02  2.24999990e-03 -3.67500000e-02 -5.92000000e-02
 -5.53999990e-02 -4.45000008e-02 -2.63500009e-02 -8.10000021e-03
 -1.21950001e-01 -2.91499998e-02 -8.89999978e-03 -6.69999979e-03
 -8.55000038e-03  4.54999991e-02 -7.19000027e-02 -2.31999997e-02
 -1.27999997e-02  2.94000003e-02  6.64999988e-03 -1.48999998e-02
  6.99499995e-02 -6.91500008e-02 -7.13500008e-02  4.80999984e-02
  3.53999995e-02  1.50000001e-03 -8.87499973e-02 -1.24999997e-03
  6.84000030e-02 -9.70000029e-03  4.90000006e-03 -9.70000029e-03
 -2.14499999e-02 -1.49999997e-02  1.60000008e-02  2.22500004e-02
 -4.70499992e-02  5.83500005e-02  4.67500016e-02  8.29999987e-03
 -6.53000027e-02 -5.53000011e-02 -5.07499985e-02  2.27000006e-02
  1.04999999e-02 -1.25500001e-02 -2.93000005e-02 -6.64499998e-02
 -1.01250000e-01  4.14999994e-03  3.94999981e-03  3.19999992e-03
 -3.60499993e-02 -3.59999994e-03 -3.37999985e-02 -5.23499995e-02
  8.75000004e-03  1.85000000e-03 -1.19000003e-02 -1.99999995e-04
 -2.15499997e-02  1.99999996e-02 -1.46500003e-02  3.06000002e-02
 -2.98500005e-02 -7.60499984e-02 -6.94999984e-03 -4.98000011e-02
 -2.18499992e-02  8.10000021e-03 -5.23499995e-02 -3.07999998e-02
 -1.34800002e-01  4.94000018e-02  6.48500025e-02 -4.89999987e-02
 -1.43999998e-02 -2.92499997e-02  1.65500008e-02 -1.49999997e-02
  3.90000008e-02  2.23500002e-02  1.45500004e-02  5.59999980e-03
 -7.10000005e-03  1.60000008e-02  0.00000000e+00 -1.29000004e-02
  1.05400003e-01 -1.30500002e-02 -2.67500002e-02  2.74999999e-02
  2.05000001e-03 -1.50000001e-03 -1.11499997e-02  1.72000006e-02
  7.99999982e-02 -4.01999988e-02  7.14999996e-03 -6.80000009e-03
 -2.76500005e-02 -2.36499999e-02  7.05000013e-03 -1.33999996e-02
 -3.20000015e-02  2.53999997e-02  1.09999999e-03 -9.80000012e-03
  2.19999999e-03  2.66999993e-02  9.65000037e-03  4.36000004e-02
  5.07000014e-02  5.66000007e-02 -3.61500010e-02  4.40500006e-02
  1.63000003e-02  6.28499985e-02  6.82500005e-02  1.07500004e-02
  6.00000005e-03  3.73999998e-02 -6.40499964e-02 -4.05500010e-02
 -7.43499994e-02  1.45500004e-02 -1.99999996e-02  3.07500008e-02
  4.39999998e-03  1.15249999e-01 -1.20000006e-03 -2.07000002e-02
  2.10500006e-02  5.05499989e-02 -8.21499974e-02 -1.40500003e-02
  3.42999995e-02  3.57999988e-02 -4.71000001e-02  2.20500007e-02
  3.33999991e-02 -4.30000015e-02 -3.04000005e-02 -2.93499995e-02
  2.24999990e-03 -2.87999995e-02 -2.85000000e-02 -9.25000012e-03
 -1.65500008e-02 -2.04499997e-02 -1.38499998e-02  5.79000004e-02
  1.60000008e-02  4.10000002e-03  4.21000011e-02  5.58499992e-02
 -9.99999975e-05  4.40500006e-02 -1.10499999e-02  7.18000010e-02
  2.05000006e-02  3.64999995e-02  1.56999994e-02 -3.10000009e-03
 -9.94999986e-03 -5.10000018e-03  1.61000006e-02  3.77249986e-01
  1.41000003e-02  3.53000015e-02 -3.70000000e-03  2.70000007e-02
  3.92999984e-02  1.00100003e-01 -2.73000002e-02 -6.00000028e-04
 -9.80000012e-03  3.06000002e-02 -1.85000000e-03 -1.93000007e-02
  2.76999995e-02  4.69999984e-02 -3.22999991e-02  6.75000018e-03
  1.71000008e-02  1.15400001e-01  7.49500021e-02  2.21999995e-02
 -1.72499996e-02 -1.97000001e-02 -9.25000012e-03 -8.50000046e-03
  4.69999993e-03 -1.61000006e-02 -3.04499995e-02  5.16000018e-02
 -2.26499997e-02  4.14999994e-03 -5.15000010e-03 -2.20500007e-02
 -3.00000003e-03 -3.68500017e-02  2.10999995e-02  1.70000002e-03
 -1.20000001e-02  1.95499994e-02 -1.45500004e-02  6.04999997e-03
  2.06499994e-02  3.92999984e-02  7.49999983e-03 -4.30499986e-02
 -2.36499999e-02  1.44999998e-03 -1.44499997e-02 -4.97500002e-02
 -7.45000020e-02  8.96999985e-02 -3.31499986e-02  5.24999993e-03
  3.86999995e-02 -4.28499989e-02  2.41999999e-02 -2.50000012e-04
  3.20999995e-02 -3.53499986e-02 -6.85000001e-03 -2.55000009e-03
 -1.28499996e-02  8.46000016e-02  3.13000008e-02  5.22999987e-02
 -6.36999980e-02 -2.50000012e-04  4.55000019e-03 -3.10500003e-02]"
𪎫,"[0. 0. 0. 0. 0. 0. 0. 0. 0. 0. 0. 0. 0. 0. 0. 0. 0. 0. 0. 0. 0. 0. 0. 0.
 0. 0. 0. 0. 0. 0. 0. 0. 0. 0. 0. 0. 0. 0. 0. 0. 0. 0. 0. 0. 0. 0. 0. 0.
 0. 0. 0. 0. 0. 0. 0. 0. 0. 0. 0. 0. 0. 0. 0. 0. 0. 0. 0. 0. 0. 0. 0. 0.
 0. 0. 0. 0. 0. 0. 0. 0. 0. 0. 0. 0. 0. 0. 0. 0. 0. 0. 0. 0. 0. 0. 0. 0.
 0. 0. 0. 0. 0. 0. 0. 0. 0. 0. 0. 0. 0. 0. 0. 0. 0. 0. 0. 0. 0. 0. 0. 0.
 0. 0. 0. 0. 0. 0. 0. 0. 0. 0. 0. 0. 0. 0. 0. 0. 0. 0. 0. 0. 0. 0. 0. 0.
 0. 0. 0. 0. 0. 0. 0. 0. 0. 0. 0. 0. 0. 0. 0. 0. 0. 0. 0. 0. 0. 0. 0. 0.
 0. 0. 0. 0. 0. 0. 0. 0. 0. 0. 0. 0. 0. 0. 0. 0. 0. 0. 0. 0. 0. 0. 0. 0.
 0. 0. 0. 0. 0. 0. 0. 0. 0. 0. 0. 0. 0. 0. 0. 0. 0. 0. 0. 0. 0. 0. 0. 0.
 0. 0. 0. 0. 0. 0. 0. 0. 0. 0. 0. 0. 0. 0. 0. 0. 0. 0. 0. 0. 0. 0. 0. 0.
 0. 0. 0. 0. 0. 0. 0. 0. 0. 0. 0. 0. 0. 0. 0. 0. 0. 0. 0. 0. 0. 0. 0. 0.
 0. 0. 0. 0. 0. 0. 0. 0. 0. 0. 0. 0. 0. 0. 0. 0. 0. 0. 0. 0. 0. 0. 0. 0.
 0. 0. 0. 0. 0. 0. 0. 0. 0. 0. 0. 0.]"
𪎭,"[-1.620e-02 -2.970e-02  4.917e-01  1.057e-01 -5.380e-02  2.020e-02
 -2.000e-02 -2.120e-02 -1.084e-01  3.190e-02 -1.420e-02 -4.390e-02
  4.420e-02 -6.900e-02 -4.280e-02  6.070e-02  7.870e-02  4.710e-02
 -1.660e-01  9.150e-02  1.131e-01  9.700e-03  1.778e-01  1.285e-01
  7.050e-02 -2.790e-02  3.890e-02 -9.990e-02 -3.470e-02  6.480e-02
  5.230e-02 -1.580e-02 -2.710e-02  7.910e-02  1.615e-01 -7.120e-02
  1.540e-02 -1.731e-01  3.440e-02 -1.450e-02 -2.470e-02  6.590e-02
  8.220e-02 -6.740e-02 -1.035e-01  2.100e-03 -2.264e-01  1.420e-02
  2.410e-02  9.560e-02  4.510e-02 -5.920e-02 -6.800e-02 -6.461e-01
  3.310e-02  1.216e-01  6.720e-02  1.526e-01 -5.740e-02  1.349e-01
  5.250e-02  3.050e-02  6.800e-03 -1.267e-01 -3.010e-02 -7.890e-02
  8.210e-02  2.677e-01 -1.210e-01  2.220e-02  5.480e-02  4.810e-02
 -4.550e-02  1.176e-01 -2.167e-01 -6.500e-03  2.409e-01  9.450e-02
 -6.260e-02  1.001e-01 -7.010e-02  9.490e-02 -1.680e-02  4.700e-02
  9.120e-02 -3.060e-02 -2.150e-02  1.784e-01  5.500e-03 -2.338e-01
  7.500e-02  1.580e-02 -5.420e-02 -1.190e-02  5.670e-02 -3.840e-02
 -6.620e-02  1.200e-03  1.890e-02  6.450e-02 -2.181e-01 -5.000e-02
  9.000e-03 -4.180e-02 -8.750e-02  1.690e-02  1.440e-02  6.010e-02
  4.380e-02  3.800e-03 -6.790e-02  3.150e-02 -4.570e-02 -7.730e-02
  9.900e-03 -5.990e-02 -1.580e-02  6.900e-03  2.770e-02 -3.800e-03
 -3.820e-02 -5.790e-02 -6.600e-03 -4.040e-02 -4.940e-02 -3.400e-02
 -2.910e-02  1.202e-01 -3.100e-03  8.800e-02  1.432e-01 -4.100e-03
  3.140e-02 -3.910e-02 -5.410e-02 -9.910e-02 -1.940e-02  3.840e-02
  6.990e-02 -7.950e-02  8.270e-02  1.466e-01 -6.480e-02  1.130e-02
  2.360e-02 -9.290e-02  1.850e-02 -1.752e-01 -6.390e-02  5.000e-03
 -6.040e-02  6.240e-02  7.450e-02 -4.400e-02 -7.570e-02 -1.500e-01
 -6.240e-02  1.840e-02 -6.090e-02 -3.340e-02 -1.801e-01  1.023e-01
  4.310e-02 -4.110e-02 -1.670e-02 -7.320e-02  2.680e-02  8.980e-02
 -1.075e-01  5.180e-02 -9.860e-02 -4.550e-02  3.650e-02  4.470e-02
 -9.910e-02  9.640e-02 -2.002e-01 -7.370e-02 -5.160e-02  1.700e-02
 -5.700e-02 -4.465e-01  7.510e-02  5.040e-02  3.250e-02 -2.590e-02
 -7.000e-03  5.380e-02  8.900e-02  3.505e-01  1.390e-01  1.779e-01
 -1.681e-01  3.740e-02  3.450e-02  7.700e-02 -3.100e-02 -4.570e-02
  1.230e-02  1.870e-02  4.590e-02 -1.580e-02 -9.450e-02  1.410e-02
  6.420e-02  1.000e-03 -3.800e-02 -4.330e-02  3.500e-03  4.400e-03
  5.130e-02 -2.740e-02 -2.010e-02 -3.160e-02  4.910e-02  6.730e-02
  1.770e-02 -6.740e-02  1.216e-01  5.460e-02  8.680e-02 -9.620e-02
 -4.900e-02 -1.450e-02  0.000e+00 -7.270e-02  3.300e-02  2.980e-02
 -1.423e-01  1.125e-01 -2.650e-02  3.332e-01  2.700e-02 -5.230e-02
 -6.610e-02  5.420e-02  5.180e-02  7.410e-02  5.150e-02 -3.350e-02
  0.000e+00  2.370e-02 -1.410e-02 -3.360e-02  4.770e-02 -1.236e-01
 -3.200e-03 -1.830e-02  7.320e-02 -2.690e-02  7.330e-02  5.820e-02
 -5.350e-02  7.070e-02 -3.200e-02  2.910e-02 -1.640e-02 -3.150e-02
 -2.430e-02 -1.058e-01 -8.190e-02 -3.980e-02  8.430e-02  8.200e-02
  8.830e-02  1.830e-02  1.430e-02  5.310e-02 -1.366e-01 -8.700e-03
 -4.390e-02  4.210e-02  4.270e-02 -2.000e-04  3.440e-02  2.270e-02
  3.900e-03  1.100e-01  6.320e-02  3.200e-03 -2.391e-01  1.270e-01
 -4.030e-02  3.050e-02 -3.150e-02 -2.008e-01 -1.471e-01 -2.670e-02
 -2.741e-01  1.153e-01 -3.220e-02 -1.252e-01  7.180e-02 -4.470e-02
 -1.230e-01 -8.780e-02  4.420e-02 -4.190e-02 -1.390e-02 -5.340e-02]"
𪎲,"[ 7.63333365e-02  1.31333336e-01  1.21766664e-01 -1.66666068e-04
  5.70999980e-02  9.52333286e-02 -9.31333303e-02  1.83000013e-01
  1.17966674e-01 -7.36666704e-03 -1.10699989e-01 -4.01333384e-02
  2.64333338e-02 -7.90666714e-02 -1.18233331e-01 -4.29333337e-02
 -2.36666668e-02 -1.30966663e-01 -1.42933324e-01  1.67099997e-01
 -5.88000007e-02  3.75000015e-02  7.96333328e-02  1.07100002e-01
  9.08333361e-02 -8.40666667e-02 -1.83666702e-02 -5.69333322e-02
  2.96666678e-02 -7.33333349e-04 -6.40666708e-02 -1.12666665e-02
 -2.30666678e-02  4.24666665e-02  5.88666685e-02 -4.12999988e-02
  2.33333302e-03 -1.85366675e-01 -1.18999975e-02 -2.33999938e-02
 -2.17333343e-02 -1.24399997e-01  7.77333379e-02 -1.27566665e-01
 -1.32633343e-01  3.29666622e-02  3.49666663e-02  4.39999998e-02
  9.74999964e-02  7.86666851e-03  8.17000046e-02 -1.17366672e-01
 -5.65666668e-02 -2.86666662e-01 -1.42266676e-01 -2.30666697e-02
 -1.71333253e-02 -2.19733313e-01 -2.70333346e-02 -1.38933346e-01
  1.68899998e-01  9.13666710e-02  1.49466679e-01 -2.75999997e-02
  6.43333346e-02  4.07333374e-02  5.31333350e-02 -8.17333311e-02
  7.35333338e-02  2.16000006e-02 -1.13333324e-02  1.00666665e-01
  1.51500002e-01  5.29333353e-02  1.88299999e-01 -2.43333471e-03
  1.40600011e-01 -6.79666698e-02 -2.02433333e-01 -5.41333370e-02
 -1.08766668e-01  1.65533334e-01  8.53666663e-02 -3.70999984e-02
  3.52999978e-02 -3.85333337e-02  5.54666668e-02 -7.69333318e-02
  3.27333361e-02 -3.08666676e-02 -8.73333495e-03 -1.73666682e-02
 -5.94999976e-02  1.00866668e-01 -1.26033321e-01  5.60999960e-02
 -7.67000020e-02 -8.66333321e-02 -7.74666667e-02 -6.80666640e-02
  1.36966661e-01 -1.80666670e-02  1.20600007e-01 -3.82999964e-02
  7.27000013e-02  1.39999995e-02 -6.75999969e-02  1.09566659e-01
 -1.00666676e-02  2.93333340e-03 -7.52333328e-02  6.06666645e-03
 -7.55333379e-02 -9.29999631e-03 -8.49999953e-03 -1.31966665e-01
  6.06999993e-02 -8.60999897e-02 -4.60000038e-02  6.08000010e-02
 -1.82933331e-01  1.05666695e-02 -4.08333354e-02 -1.79333333e-02
  7.76666636e-03 -6.66333362e-02  6.78999946e-02  1.89999994e-02
 -6.88333362e-02 -3.21333371e-02  4.17333357e-02  5.13666682e-02
 -1.30599990e-01 -5.71666658e-02 -2.06866667e-01 -8.39999970e-03
  1.29333334e-02  3.82666700e-02  6.16999976e-02 -6.06333315e-02
  1.30433336e-01  1.87999997e-02 -1.46499991e-01 -1.48400009e-01
  1.68666635e-02 -5.29666692e-02  1.06133334e-01 -4.62666638e-02
  1.46666670e-03  2.46666372e-03  6.74333349e-02 -4.92333323e-02
 -1.26233324e-01  1.36533335e-01 -2.84266680e-01  7.90000036e-02
  4.12333310e-02  9.27999988e-02  5.99000007e-02 -2.88999993e-02
  1.02866672e-01  5.13666682e-02  3.88666689e-02  1.79933324e-01
  4.08000015e-02 -4.86666672e-02  4.92333323e-02 -1.35600001e-01
 -3.77666652e-02  2.19999980e-02 -7.67999962e-02  1.31833330e-01
 -7.72333369e-02 -2.55666673e-02  8.32333341e-02 -1.81066677e-01
  1.71666667e-01 -3.38999964e-02 -4.18000035e-02  1.29666654e-02
 -8.50000009e-02  3.58333364e-02  4.03000005e-02 -5.94000034e-02
  8.20999965e-02 -5.89000024e-02 -2.73333341e-02  1.03333278e-03
  3.39000039e-02  1.94066659e-01  4.17999960e-02 -1.82666611e-02
 -1.04666673e-01  5.34666665e-02 -9.41333398e-02 -2.26899996e-01
  1.35466680e-01  1.18400000e-01 -1.16800003e-01 -1.32400006e-01
  4.87333350e-02  1.48733333e-01 -8.76667071e-03 -3.99000011e-02
 -7.43333325e-02 -1.52266666e-01 -1.96666662e-02 -1.38333319e-02
 -7.53333345e-02 -2.00000033e-03  3.10999993e-02 -2.31666658e-02
 -7.14333355e-02 -4.98666652e-02  1.67999994e-02  3.38600010e-01
  5.64666688e-02 -6.43999949e-02  7.41999969e-02  2.25400016e-01
  1.15466662e-01 -9.06667113e-03  3.57333310e-02 -9.50666666e-02
  7.22666681e-02 -4.65999991e-02  8.39666724e-02 -4.46666665e-02
 -8.63333326e-03  6.24333322e-02 -8.87333378e-02  7.60266721e-01
  6.37333319e-02  1.95533335e-01 -1.95866659e-01  6.54333308e-02
 -9.14666653e-02  1.35733336e-01  1.98333357e-02  1.13333337e-01
  1.24466658e-01  1.89166665e-01 -2.39666700e-02 -1.94033340e-01
  2.13333475e-03 -1.70933321e-01  4.04999964e-02  1.48300007e-01
 -1.69999991e-02  8.17666650e-02 -7.53999949e-02  5.54333329e-02
 -6.89333305e-02 -2.91000009e-02 -2.56666797e-03 -7.26666674e-02
  1.84233323e-01 -2.25999970e-02 -1.92033336e-01 -5.06999977e-02
  5.84666617e-02 -3.00000102e-04 -1.12766661e-01  8.53333250e-02
 -3.92999984e-02  5.09666651e-02 -3.65666710e-02  8.90000071e-03
  8.46000016e-02 -1.14333332e-01  1.06666668e-03 -1.27866670e-01
  3.31666656e-02 -4.38999981e-02  5.68333380e-02  1.37166664e-01
 -1.25900000e-01  7.69999996e-02 -1.12000011e-01 -6.55333325e-02
 -2.53066659e-01  1.19766660e-01  1.17700003e-01  3.93333519e-03
  2.90333331e-02 -5.75666688e-02 -3.37333344e-02 -9.29000005e-02
  2.39000022e-02  7.86333308e-02  1.51133329e-01 -7.50666633e-02
 -6.39333278e-02  9.92000028e-02  1.53200001e-01 -9.14333388e-02
 -9.20666680e-02 -1.32666662e-01  3.38000022e-02  1.06000006e-02]"
